-- First User admin/pass
-- database root/pass
INSERT INTO users (username, password, enabled) values
    ('admin@venus.com', '$2a$10$8.UnVuG9HHgffUDAlk8qfOuVGkqRzgVymGe07xd00DMxs.AQubh4a',1),
    ('paulaguilar@venus.com', '$2a$10$8.UnVuG9HHgffUDAlk8qfOuVGkqRzgVymGe07xd00DMxs.AQubh4a',1),
    ('jonoliver@venus.com', '$2a$10$8.UnVuG9HHgffUDAlk8qfOuVGkqRzgVymGe07xd00DMxs.AQubh4a',1),
    ('claudinezhang@venus.com', '$2a$10$8.UnVuG9HHgffUDAlk8qfOuVGkqRzgVymGe07xd00DMxs.AQubh4a',1),
    ('lovelinkumar@venus.com', '$2a$10$8.UnVuG9HHgffUDAlk8qfOuVGkqRzgVymGe07xd00DMxs.AQubh4a',1),
    ('michelkouame@venus.com', '$2a$10$8.UnVuG9HHgffUDAlk8qfOuVGkqRzgVymGe07xd00DMxs.AQubh4a',1),
    ('angelinacosta@venus.com', '$2a$10$8.UnVuG9HHgffUDAlk8qfOuVGkqRzgVymGe07xd00DMxs.AQubh4a',1),
    ('brijeshgupta@venus.com', '$2a$10$8.UnVuG9HHgffUDAlk8qfOuVGkqRzgVymGe07xd00DMxs.AQubh4a',1),
    ('amyfofana@venus.com', '$2a$10$8.UnVuG9HHgffUDAlk8qfOuVGkqRzgVymGe07xd00DMxs.AQubh4a',1),
    ('testuser@venus.com', '$2a$10$8.UnVuG9HHgffUDAlk8qfOuVGkqRzgVymGe07xd00DMxs.AQubh4a', 1),
    ('CczVsH@venus.com', '$2a$10$8.UnVuG9HHgffUDAlk8qfOuVGkqRzgVymGe07xd00DMxs.AQubh4a',1),
    ('taHbqH@venus.com', '$2a$10$8.UnVuG9HHgffUDAlk8qfOuVGkqRzgVymGe07xd00DMxs.AQubh4a',1),
    ('RKfCnW@venus.com', '$2a$10$8.UnVuG9HHgffUDAlk8qfOuVGkqRzgVymGe07xd00DMxs.AQubh4a',1),
    ('BAKyTt@venus.com', '$2a$10$8.UnVuG9HHgffUDAlk8qfOuVGkqRzgVymGe07xd00DMxs.AQubh4a',1),
    ('LqHwZl@venus.com', '$2a$10$8.UnVuG9HHgffUDAlk8qfOuVGkqRzgVymGe07xd00DMxs.AQubh4a',1),
    ('RdXrFh@venus.com', '$2a$10$8.UnVuG9HHgffUDAlk8qfOuVGkqRzgVymGe07xd00DMxs.AQubh4a',1),
    ('cNLaqh@venus.com', '$2a$10$8.UnVuG9HHgffUDAlk8qfOuVGkqRzgVymGe07xd00DMxs.AQubh4a',1),
    ('dTXgbH@venus.com', '$2a$10$8.UnVuG9HHgffUDAlk8qfOuVGkqRzgVymGe07xd00DMxs.AQubh4a',1),
    ('BuNihp@venus.com', '$2a$10$8.UnVuG9HHgffUDAlk8qfOuVGkqRzgVymGe07xd00DMxs.AQubh4a',1),
    ('BsxpAT@venus.com', '$2a$10$8.UnVuG9HHgffUDAlk8qfOuVGkqRzgVymGe07xd00DMxs.AQubh4a',1),
    ('uBqDfq@venus.com', '$2a$10$8.UnVuG9HHgffUDAlk8qfOuVGkqRzgVymGe07xd00DMxs.AQubh4a',1),
    ('rDtlkX@venus.com', '$2a$10$8.UnVuG9HHgffUDAlk8qfOuVGkqRzgVymGe07xd00DMxs.AQubh4a',1),
    ('tCYSiY@venus.com', '$2a$10$8.UnVuG9HHgffUDAlk8qfOuVGkqRzgVymGe07xd00DMxs.AQubh4a',1),
    ('CDaxNR@venus.com', '$2a$10$8.UnVuG9HHgffUDAlk8qfOuVGkqRzgVymGe07xd00DMxs.AQubh4a',1),
    ('FhMzbH@venus.com', '$2a$10$8.UnVuG9HHgffUDAlk8qfOuVGkqRzgVymGe07xd00DMxs.AQubh4a',1),
    ('nqjDJe@venus.com', '$2a$10$8.UnVuG9HHgffUDAlk8qfOuVGkqRzgVymGe07xd00DMxs.AQubh4a',1),
    ('fcUEfX@venus.com', '$2a$10$8.UnVuG9HHgffUDAlk8qfOuVGkqRzgVymGe07xd00DMxs.AQubh4a',1),
    ('KGtRGD@venus.com', '$2a$10$8.UnVuG9HHgffUDAlk8qfOuVGkqRzgVymGe07xd00DMxs.AQubh4a',1),
    ('AHvFHP@venus.com', '$2a$10$8.UnVuG9HHgffUDAlk8qfOuVGkqRzgVymGe07xd00DMxs.AQubh4a',1),
    ('POWkne@venus.com', '$2a$10$8.UnVuG9HHgffUDAlk8qfOuVGkqRzgVymGe07xd00DMxs.AQubh4a',1),
    ('rypAba@venus.com', '$2a$10$8.UnVuG9HHgffUDAlk8qfOuVGkqRzgVymGe07xd00DMxs.AQubh4a',1),
    ('tuRaYv@venus.com', '$2a$10$8.UnVuG9HHgffUDAlk8qfOuVGkqRzgVymGe07xd00DMxs.AQubh4a',1),
    ('OyLQkY@venus.com', '$2a$10$8.UnVuG9HHgffUDAlk8qfOuVGkqRzgVymGe07xd00DMxs.AQubh4a',1),
    ('glNUJz@venus.com', '$2a$10$8.UnVuG9HHgffUDAlk8qfOuVGkqRzgVymGe07xd00DMxs.AQubh4a',1),
    ('pUzdXk@venus.com', '$2a$10$8.UnVuG9HHgffUDAlk8qfOuVGkqRzgVymGe07xd00DMxs.AQubh4a',1),
    ('HikunH@venus.com', '$2a$10$8.UnVuG9HHgffUDAlk8qfOuVGkqRzgVymGe07xd00DMxs.AQubh4a',1),
    ('BqKiDW@venus.com', '$2a$10$8.UnVuG9HHgffUDAlk8qfOuVGkqRzgVymGe07xd00DMxs.AQubh4a',1),
    ('CtWzFe@venus.com', '$2a$10$8.UnVuG9HHgffUDAlk8qfOuVGkqRzgVymGe07xd00DMxs.AQubh4a',1),
    ('ZUepGq@venus.com', '$2a$10$8.UnVuG9HHgffUDAlk8qfOuVGkqRzgVymGe07xd00DMxs.AQubh4a',1),
    ('ntnGgu@venus.com', '$2a$10$8.UnVuG9HHgffUDAlk8qfOuVGkqRzgVymGe07xd00DMxs.AQubh4a',1),
    ('vxKmLI@venus.com', '$2a$10$8.UnVuG9HHgffUDAlk8qfOuVGkqRzgVymGe07xd00DMxs.AQubh4a',1),
    ('wQnTBU@venus.com', '$2a$10$8.UnVuG9HHgffUDAlk8qfOuVGkqRzgVymGe07xd00DMxs.AQubh4a',1),
    ('XaSwJh@venus.com', '$2a$10$8.UnVuG9HHgffUDAlk8qfOuVGkqRzgVymGe07xd00DMxs.AQubh4a',1),
    ('HWcuAJ@venus.com', '$2a$10$8.UnVuG9HHgffUDAlk8qfOuVGkqRzgVymGe07xd00DMxs.AQubh4a',1),
    ('pZXaQw@venus.com', '$2a$10$8.UnVuG9HHgffUDAlk8qfOuVGkqRzgVymGe07xd00DMxs.AQubh4a',1),
    ('WMxPaZ@venus.com', '$2a$10$8.UnVuG9HHgffUDAlk8qfOuVGkqRzgVymGe07xd00DMxs.AQubh4a',1),
    ('XGtrUX@venus.com', '$2a$10$8.UnVuG9HHgffUDAlk8qfOuVGkqRzgVymGe07xd00DMxs.AQubh4a',1),
    ('qOLBgd@venus.com', '$2a$10$8.UnVuG9HHgffUDAlk8qfOuVGkqRzgVymGe07xd00DMxs.AQubh4a',1),
    ('QscQFR@venus.com', '$2a$10$8.UnVuG9HHgffUDAlk8qfOuVGkqRzgVymGe07xd00DMxs.AQubh4a',1),
    ('RnKyfH@venus.com', '$2a$10$8.UnVuG9HHgffUDAlk8qfOuVGkqRzgVymGe07xd00DMxs.AQubh4a',1),
    ('ukRqwP@venus.com', '$2a$10$8.UnVuG9HHgffUDAlk8qfOuVGkqRzgVymGe07xd00DMxs.AQubh4a',1),
    ('vPZFDF@venus.com', '$2a$10$8.UnVuG9HHgffUDAlk8qfOuVGkqRzgVymGe07xd00DMxs.AQubh4a',1),
    ('kfVvll@venus.com', '$2a$10$8.UnVuG9HHgffUDAlk8qfOuVGkqRzgVymGe07xd00DMxs.AQubh4a',1),
    ('VzLEFl@venus.com', '$2a$10$8.UnVuG9HHgffUDAlk8qfOuVGkqRzgVymGe07xd00DMxs.AQubh4a',1),
    ('LeaGCA@venus.com', '$2a$10$8.UnVuG9HHgffUDAlk8qfOuVGkqRzgVymGe07xd00DMxs.AQubh4a',1),
    ('GrvVsS@venus.com', '$2a$10$8.UnVuG9HHgffUDAlk8qfOuVGkqRzgVymGe07xd00DMxs.AQubh4a',1),
    ('pGdDSi@venus.com', '$2a$10$8.UnVuG9HHgffUDAlk8qfOuVGkqRzgVymGe07xd00DMxs.AQubh4a',1),
    ('TxToaI@venus.com', '$2a$10$8.UnVuG9HHgffUDAlk8qfOuVGkqRzgVymGe07xd00DMxs.AQubh4a',1),
    ('XoJbYb@venus.com', '$2a$10$8.UnVuG9HHgffUDAlk8qfOuVGkqRzgVymGe07xd00DMxs.AQubh4a',1),
    ('CxQTYr@venus.com', '$2a$10$8.UnVuG9HHgffUDAlk8qfOuVGkqRzgVymGe07xd00DMxs.AQubh4a',1),
    ('nidGlQ@venus.com', '$2a$10$8.UnVuG9HHgffUDAlk8qfOuVGkqRzgVymGe07xd00DMxs.AQubh4a',1),
    ('YmCtss@venus.com', '$2a$10$8.UnVuG9HHgffUDAlk8qfOuVGkqRzgVymGe07xd00DMxs.AQubh4a',1),
    ('rFfQCK@venus.com', '$2a$10$8.UnVuG9HHgffUDAlk8qfOuVGkqRzgVymGe07xd00DMxs.AQubh4a',1),
    ('NXelAz@venus.com', '$2a$10$8.UnVuG9HHgffUDAlk8qfOuVGkqRzgVymGe07xd00DMxs.AQubh4a',1),
    ('lpRGNA@venus.com', '$2a$10$8.UnVuG9HHgffUDAlk8qfOuVGkqRzgVymGe07xd00DMxs.AQubh4a',1),
    ('qyypCg@venus.com', '$2a$10$8.UnVuG9HHgffUDAlk8qfOuVGkqRzgVymGe07xd00DMxs.AQubh4a',1),
    ('hqNNGW@venus.com', '$2a$10$8.UnVuG9HHgffUDAlk8qfOuVGkqRzgVymGe07xd00DMxs.AQubh4a',1),
    ('bQJSqV@venus.com', '$2a$10$8.UnVuG9HHgffUDAlk8qfOuVGkqRzgVymGe07xd00DMxs.AQubh4a',1),
    ('XDwsDb@venus.com', '$2a$10$8.UnVuG9HHgffUDAlk8qfOuVGkqRzgVymGe07xd00DMxs.AQubh4a',1),
    ('ZKNlUJ@venus.com', '$2a$10$8.UnVuG9HHgffUDAlk8qfOuVGkqRzgVymGe07xd00DMxs.AQubh4a',1),
    ('lbFIQK@venus.com', '$2a$10$8.UnVuG9HHgffUDAlk8qfOuVGkqRzgVymGe07xd00DMxs.AQubh4a',1),
    ('rlUcZn@venus.com', '$2a$10$8.UnVuG9HHgffUDAlk8qfOuVGkqRzgVymGe07xd00DMxs.AQubh4a',1),
    ('IIuqSn@venus.com', '$2a$10$8.UnVuG9HHgffUDAlk8qfOuVGkqRzgVymGe07xd00DMxs.AQubh4a',1),
    ('zGbwHO@venus.com', '$2a$10$8.UnVuG9HHgffUDAlk8qfOuVGkqRzgVymGe07xd00DMxs.AQubh4a',1),
    ('UvqeWn@venus.com', '$2a$10$8.UnVuG9HHgffUDAlk8qfOuVGkqRzgVymGe07xd00DMxs.AQubh4a',1),
    ('sDSWKD@venus.com', '$2a$10$8.UnVuG9HHgffUDAlk8qfOuVGkqRzgVymGe07xd00DMxs.AQubh4a',1),
    ('PQDjCX@venus.com', '$2a$10$8.UnVuG9HHgffUDAlk8qfOuVGkqRzgVymGe07xd00DMxs.AQubh4a',1),
    ('TsYnYJ@venus.com', '$2a$10$8.UnVuG9HHgffUDAlk8qfOuVGkqRzgVymGe07xd00DMxs.AQubh4a',1),
    ('YvzOPa@venus.com', '$2a$10$8.UnVuG9HHgffUDAlk8qfOuVGkqRzgVymGe07xd00DMxs.AQubh4a',1),
    ('feVIqn@venus.com', '$2a$10$8.UnVuG9HHgffUDAlk8qfOuVGkqRzgVymGe07xd00DMxs.AQubh4a',1),
    ('ZclZxl@venus.com', '$2a$10$8.UnVuG9HHgffUDAlk8qfOuVGkqRzgVymGe07xd00DMxs.AQubh4a',1),
    ('nPBnot@venus.com', '$2a$10$8.UnVuG9HHgffUDAlk8qfOuVGkqRzgVymGe07xd00DMxs.AQubh4a',1),
    ('AzhOiq@venus.com', '$2a$10$8.UnVuG9HHgffUDAlk8qfOuVGkqRzgVymGe07xd00DMxs.AQubh4a',1),
    ('ZLIUMk@venus.com', '$2a$10$8.UnVuG9HHgffUDAlk8qfOuVGkqRzgVymGe07xd00DMxs.AQubh4a',1),
    ('isCAnE@venus.com', '$2a$10$8.UnVuG9HHgffUDAlk8qfOuVGkqRzgVymGe07xd00DMxs.AQubh4a',1),
    ('KWQNif@venus.com', '$2a$10$8.UnVuG9HHgffUDAlk8qfOuVGkqRzgVymGe07xd00DMxs.AQubh4a',1),
    ('IrXoCo@venus.com', '$2a$10$8.UnVuG9HHgffUDAlk8qfOuVGkqRzgVymGe07xd00DMxs.AQubh4a',1),
    ('Qyujkk@venus.com', '$2a$10$8.UnVuG9HHgffUDAlk8qfOuVGkqRzgVymGe07xd00DMxs.AQubh4a',1),
    ('dEMvzP@venus.com', '$2a$10$8.UnVuG9HHgffUDAlk8qfOuVGkqRzgVymGe07xd00DMxs.AQubh4a',1),
    ('pfPYmV@venus.com', '$2a$10$8.UnVuG9HHgffUDAlk8qfOuVGkqRzgVymGe07xd00DMxs.AQubh4a',1),
    ('HvYtPe@venus.com', '$2a$10$8.UnVuG9HHgffUDAlk8qfOuVGkqRzgVymGe07xd00DMxs.AQubh4a',1),
    ('DNkLjB@venus.com', '$2a$10$8.UnVuG9HHgffUDAlk8qfOuVGkqRzgVymGe07xd00DMxs.AQubh4a',1),
    ('aGoLLn@venus.com', '$2a$10$8.UnVuG9HHgffUDAlk8qfOuVGkqRzgVymGe07xd00DMxs.AQubh4a',1),
    ('ADMTQx@venus.com', '$2a$10$8.UnVuG9HHgffUDAlk8qfOuVGkqRzgVymGe07xd00DMxs.AQubh4a',1),
    ('hdBASW@venus.com', '$2a$10$8.UnVuG9HHgffUDAlk8qfOuVGkqRzgVymGe07xd00DMxs.AQubh4a',1),
    ('jisFPZ@venus.com', '$2a$10$8.UnVuG9HHgffUDAlk8qfOuVGkqRzgVymGe07xd00DMxs.AQubh4a',1),
    ('MEuSfN@venus.com', '$2a$10$8.UnVuG9HHgffUDAlk8qfOuVGkqRzgVymGe07xd00DMxs.AQubh4a',1),
    ('xvSWGS@venus.com', '$2a$10$8.UnVuG9HHgffUDAlk8qfOuVGkqRzgVymGe07xd00DMxs.AQubh4a',1),
    ('gSLZPw@venus.com', '$2a$10$8.UnVuG9HHgffUDAlk8qfOuVGkqRzgVymGe07xd00DMxs.AQubh4a',1),
    ('WVAJbV@venus.com', '$2a$10$8.UnVuG9HHgffUDAlk8qfOuVGkqRzgVymGe07xd00DMxs.AQubh4a',1),
    ('kzyFsJFpAy@venus.com', '$2a$10$8.UnVuG9HHgffUDAlk8qfOuVGkqRzgVymGe07xd00DMxs.AQubh4a',1),
    ('UGsqUmMxyL@venus.com', '$2a$10$8.UnVuG9HHgffUDAlk8qfOuVGkqRzgVymGe07xd00DMxs.AQubh4a',1),
    ('RrsDxmWuTH@venus.com', '$2a$10$8.UnVuG9HHgffUDAlk8qfOuVGkqRzgVymGe07xd00DMxs.AQubh4a',1),
    ('aELETXNJtR@venus.com', '$2a$10$8.UnVuG9HHgffUDAlk8qfOuVGkqRzgVymGe07xd00DMxs.AQubh4a',1),
    ('KlcMtYqmGR@venus.com', '$2a$10$8.UnVuG9HHgffUDAlk8qfOuVGkqRzgVymGe07xd00DMxs.AQubh4a',1),
    ('TXiVuROdBd@venus.com', '$2a$10$8.UnVuG9HHgffUDAlk8qfOuVGkqRzgVymGe07xd00DMxs.AQubh4a',1),
    ('hjsiLEEWXO@venus.com', '$2a$10$8.UnVuG9HHgffUDAlk8qfOuVGkqRzgVymGe07xd00DMxs.AQubh4a',1),
    ('uABYdJzhsg@venus.com', '$2a$10$8.UnVuG9HHgffUDAlk8qfOuVGkqRzgVymGe07xd00DMxs.AQubh4a',1),
    ('ShqyASndej@venus.com', '$2a$10$8.UnVuG9HHgffUDAlk8qfOuVGkqRzgVymGe07xd00DMxs.AQubh4a',1),
    ('jwbyRHyyWd@venus.com', '$2a$10$8.UnVuG9HHgffUDAlk8qfOuVGkqRzgVymGe07xd00DMxs.AQubh4a',1),
    ('kdozekcrti@venus.com', '$2a$10$8.UnVuG9HHgffUDAlk8qfOuVGkqRzgVymGe07xd00DMxs.AQubh4a',1),
    ('qqYCCEiWqS@venus.com', '$2a$10$8.UnVuG9HHgffUDAlk8qfOuVGkqRzgVymGe07xd00DMxs.AQubh4a',1),
    ('HixztYtiQG@venus.com', '$2a$10$8.UnVuG9HHgffUDAlk8qfOuVGkqRzgVymGe07xd00DMxs.AQubh4a',1),
    ('yfmACpYsrc@venus.com', '$2a$10$8.UnVuG9HHgffUDAlk8qfOuVGkqRzgVymGe07xd00DMxs.AQubh4a',1),
    ('AOuiIZjJNX@venus.com', '$2a$10$8.UnVuG9HHgffUDAlk8qfOuVGkqRzgVymGe07xd00DMxs.AQubh4a',1),
    ('HGwnqKzwcT@venus.com', '$2a$10$8.UnVuG9HHgffUDAlk8qfOuVGkqRzgVymGe07xd00DMxs.AQubh4a',1),
    ('rYpjmZNPsM@venus.com', '$2a$10$8.UnVuG9HHgffUDAlk8qfOuVGkqRzgVymGe07xd00DMxs.AQubh4a',1),
    ('uhXRfONrLE@venus.com', '$2a$10$8.UnVuG9HHgffUDAlk8qfOuVGkqRzgVymGe07xd00DMxs.AQubh4a',1),
    ('ovVTYwIjip@venus.com', '$2a$10$8.UnVuG9HHgffUDAlk8qfOuVGkqRzgVymGe07xd00DMxs.AQubh4a',1),
    ('pLjXJSEcui@venus.com', '$2a$10$8.UnVuG9HHgffUDAlk8qfOuVGkqRzgVymGe07xd00DMxs.AQubh4a',1),
    ('HYmPSfjNQw@venus.com', '$2a$10$8.UnVuG9HHgffUDAlk8qfOuVGkqRzgVymGe07xd00DMxs.AQubh4a',1),
    ('EWUKBTRwuA@venus.com', '$2a$10$8.UnVuG9HHgffUDAlk8qfOuVGkqRzgVymGe07xd00DMxs.AQubh4a',1),
    ('GGqwqDmovE@venus.com', '$2a$10$8.UnVuG9HHgffUDAlk8qfOuVGkqRzgVymGe07xd00DMxs.AQubh4a',1),
    ('Soiguuvmgp@venus.com', '$2a$10$8.UnVuG9HHgffUDAlk8qfOuVGkqRzgVymGe07xd00DMxs.AQubh4a',1),
    ('cxZFmkpRHR@venus.com', '$2a$10$8.UnVuG9HHgffUDAlk8qfOuVGkqRzgVymGe07xd00DMxs.AQubh4a',1),
    ('iLLbwHJvZM@venus.com', '$2a$10$8.UnVuG9HHgffUDAlk8qfOuVGkqRzgVymGe07xd00DMxs.AQubh4a',1),
    ('zuYbnuxMbD@venus.com', '$2a$10$8.UnVuG9HHgffUDAlk8qfOuVGkqRzgVymGe07xd00DMxs.AQubh4a',1),
    ('zCzLxIpROs@venus.com', '$2a$10$8.UnVuG9HHgffUDAlk8qfOuVGkqRzgVymGe07xd00DMxs.AQubh4a',1),
    ('RNbQNdvSpp@venus.com', '$2a$10$8.UnVuG9HHgffUDAlk8qfOuVGkqRzgVymGe07xd00DMxs.AQubh4a',1),
    ('POSuGfbpXZ@venus.com', '$2a$10$8.UnVuG9HHgffUDAlk8qfOuVGkqRzgVymGe07xd00DMxs.AQubh4a',1),
    ('ujTSGWCQNO@venus.com', '$2a$10$8.UnVuG9HHgffUDAlk8qfOuVGkqRzgVymGe07xd00DMxs.AQubh4a',1),
    ('bHgCJCndUh@venus.com', '$2a$10$8.UnVuG9HHgffUDAlk8qfOuVGkqRzgVymGe07xd00DMxs.AQubh4a',1),
    ('iUVFMmCNTA@venus.com', '$2a$10$8.UnVuG9HHgffUDAlk8qfOuVGkqRzgVymGe07xd00DMxs.AQubh4a',1),
    ('OGixRIqfhu@venus.com', '$2a$10$8.UnVuG9HHgffUDAlk8qfOuVGkqRzgVymGe07xd00DMxs.AQubh4a',1),
    ('DffWTPCDlG@venus.com', '$2a$10$8.UnVuG9HHgffUDAlk8qfOuVGkqRzgVymGe07xd00DMxs.AQubh4a',1),
    ('GuncyrSAlU@venus.com', '$2a$10$8.UnVuG9HHgffUDAlk8qfOuVGkqRzgVymGe07xd00DMxs.AQubh4a',1),
    ('aMNIHmcKHR@venus.com', '$2a$10$8.UnVuG9HHgffUDAlk8qfOuVGkqRzgVymGe07xd00DMxs.AQubh4a',1),
    ('iaQbNuViLa@venus.com', '$2a$10$8.UnVuG9HHgffUDAlk8qfOuVGkqRzgVymGe07xd00DMxs.AQubh4a',1),
    ('TJcpOIznEl@venus.com', '$2a$10$8.UnVuG9HHgffUDAlk8qfOuVGkqRzgVymGe07xd00DMxs.AQubh4a',1),
    ('fxaNbZgJNx@venus.com', '$2a$10$8.UnVuG9HHgffUDAlk8qfOuVGkqRzgVymGe07xd00DMxs.AQubh4a',1),
    ('ycaajqzlGQ@venus.com', '$2a$10$8.UnVuG9HHgffUDAlk8qfOuVGkqRzgVymGe07xd00DMxs.AQubh4a',1),
    ('GMjbqpCmvL@venus.com', '$2a$10$8.UnVuG9HHgffUDAlk8qfOuVGkqRzgVymGe07xd00DMxs.AQubh4a',1),
    ('FrxeCOuzIb@venus.com', '$2a$10$8.UnVuG9HHgffUDAlk8qfOuVGkqRzgVymGe07xd00DMxs.AQubh4a',1),
    ('FCXeCMbzZy@venus.com', '$2a$10$8.UnVuG9HHgffUDAlk8qfOuVGkqRzgVymGe07xd00DMxs.AQubh4a',1),
    ('IKKhKxlTvX@venus.com', '$2a$10$8.UnVuG9HHgffUDAlk8qfOuVGkqRzgVymGe07xd00DMxs.AQubh4a',1),
    ('DsotpdQlYi@venus.com', '$2a$10$8.UnVuG9HHgffUDAlk8qfOuVGkqRzgVymGe07xd00DMxs.AQubh4a',1),
    ('RQOIkqwZjO@venus.com', '$2a$10$8.UnVuG9HHgffUDAlk8qfOuVGkqRzgVymGe07xd00DMxs.AQubh4a',1),
    ('BUsaNYQixZ@venus.com', '$2a$10$8.UnVuG9HHgffUDAlk8qfOuVGkqRzgVymGe07xd00DMxs.AQubh4a',1),
    ('MpgFxRSwwS@venus.com', '$2a$10$8.UnVuG9HHgffUDAlk8qfOuVGkqRzgVymGe07xd00DMxs.AQubh4a',1),
    ('YhdwdjIYcW@venus.com', '$2a$10$8.UnVuG9HHgffUDAlk8qfOuVGkqRzgVymGe07xd00DMxs.AQubh4a',1),
    ('xKustFVQEK@venus.com', '$2a$10$8.UnVuG9HHgffUDAlk8qfOuVGkqRzgVymGe07xd00DMxs.AQubh4a',1),
    ('lQJkYtDBjs@venus.com', '$2a$10$8.UnVuG9HHgffUDAlk8qfOuVGkqRzgVymGe07xd00DMxs.AQubh4a',1),
    ('LgoimPSbiR@venus.com', '$2a$10$8.UnVuG9HHgffUDAlk8qfOuVGkqRzgVymGe07xd00DMxs.AQubh4a',1),
    ('KIfBPDayBR@venus.com', '$2a$10$8.UnVuG9HHgffUDAlk8qfOuVGkqRzgVymGe07xd00DMxs.AQubh4a',1),
    ('bruUZuXDJw@venus.com', '$2a$10$8.UnVuG9HHgffUDAlk8qfOuVGkqRzgVymGe07xd00DMxs.AQubh4a',1),
    ('UJBFhvJVnj@venus.com', '$2a$10$8.UnVuG9HHgffUDAlk8qfOuVGkqRzgVymGe07xd00DMxs.AQubh4a',1),
    ('oiGXcymHQE@venus.com', '$2a$10$8.UnVuG9HHgffUDAlk8qfOuVGkqRzgVymGe07xd00DMxs.AQubh4a',1),
    ('bwYfmUhvmX@venus.com', '$2a$10$8.UnVuG9HHgffUDAlk8qfOuVGkqRzgVymGe07xd00DMxs.AQubh4a',1),
    ('uLcAtTAUsN@venus.com', '$2a$10$8.UnVuG9HHgffUDAlk8qfOuVGkqRzgVymGe07xd00DMxs.AQubh4a',1),
    ('vlYojFtdMy@venus.com', '$2a$10$8.UnVuG9HHgffUDAlk8qfOuVGkqRzgVymGe07xd00DMxs.AQubh4a',1),
    ('PCqKPTNGVp@venus.com', '$2a$10$8.UnVuG9HHgffUDAlk8qfOuVGkqRzgVymGe07xd00DMxs.AQubh4a',1),
    ('tXGUYjWYGM@venus.com', '$2a$10$8.UnVuG9HHgffUDAlk8qfOuVGkqRzgVymGe07xd00DMxs.AQubh4a',1),
    ('NGMehQQvrG@venus.com', '$2a$10$8.UnVuG9HHgffUDAlk8qfOuVGkqRzgVymGe07xd00DMxs.AQubh4a',1),
    ('ibNrbPFWwI@venus.com', '$2a$10$8.UnVuG9HHgffUDAlk8qfOuVGkqRzgVymGe07xd00DMxs.AQubh4a',1),
    ('XJXKbepEpT@venus.com', '$2a$10$8.UnVuG9HHgffUDAlk8qfOuVGkqRzgVymGe07xd00DMxs.AQubh4a',1),
    ('kJSFFpeygx@venus.com', '$2a$10$8.UnVuG9HHgffUDAlk8qfOuVGkqRzgVymGe07xd00DMxs.AQubh4a',1),
    ('ayCGQLdNpX@venus.com', '$2a$10$8.UnVuG9HHgffUDAlk8qfOuVGkqRzgVymGe07xd00DMxs.AQubh4a',1),
    ('GMBaaZuJLJ@venus.com', '$2a$10$8.UnVuG9HHgffUDAlk8qfOuVGkqRzgVymGe07xd00DMxs.AQubh4a',1),
    ('yWmBHylLWq@venus.com', '$2a$10$8.UnVuG9HHgffUDAlk8qfOuVGkqRzgVymGe07xd00DMxs.AQubh4a',1),
    ('OwkqeFqFug@venus.com', '$2a$10$8.UnVuG9HHgffUDAlk8qfOuVGkqRzgVymGe07xd00DMxs.AQubh4a',1),
    ('dUkpQwhVGi@venus.com', '$2a$10$8.UnVuG9HHgffUDAlk8qfOuVGkqRzgVymGe07xd00DMxs.AQubh4a',1),
    ('WoBMrffPrE@venus.com', '$2a$10$8.UnVuG9HHgffUDAlk8qfOuVGkqRzgVymGe07xd00DMxs.AQubh4a',1),
    ('pSTXXrymWU@venus.com', '$2a$10$8.UnVuG9HHgffUDAlk8qfOuVGkqRzgVymGe07xd00DMxs.AQubh4a',1),
    ('ANdSvmHdhY@venus.com', '$2a$10$8.UnVuG9HHgffUDAlk8qfOuVGkqRzgVymGe07xd00DMxs.AQubh4a',1),
    ('CfCPfBClOK@venus.com', '$2a$10$8.UnVuG9HHgffUDAlk8qfOuVGkqRzgVymGe07xd00DMxs.AQubh4a',1),
    ('gfXOWAaBiY@venus.com', '$2a$10$8.UnVuG9HHgffUDAlk8qfOuVGkqRzgVymGe07xd00DMxs.AQubh4a',1),
    ('dGDWcVWBDd@venus.com', '$2a$10$8.UnVuG9HHgffUDAlk8qfOuVGkqRzgVymGe07xd00DMxs.AQubh4a',1),
    ('ZbEzGraFNx@venus.com', '$2a$10$8.UnVuG9HHgffUDAlk8qfOuVGkqRzgVymGe07xd00DMxs.AQubh4a',1),
    ('ZkWXpIUVyU@venus.com', '$2a$10$8.UnVuG9HHgffUDAlk8qfOuVGkqRzgVymGe07xd00DMxs.AQubh4a',1),
    ('WKXqCxZyYP@venus.com', '$2a$10$8.UnVuG9HHgffUDAlk8qfOuVGkqRzgVymGe07xd00DMxs.AQubh4a',1),
    ('HLDwGWzJVI@venus.com', '$2a$10$8.UnVuG9HHgffUDAlk8qfOuVGkqRzgVymGe07xd00DMxs.AQubh4a',1),
    ('gWKbdhbxnB@venus.com', '$2a$10$8.UnVuG9HHgffUDAlk8qfOuVGkqRzgVymGe07xd00DMxs.AQubh4a',1),
    ('TmEyTTKvZs@venus.com', '$2a$10$8.UnVuG9HHgffUDAlk8qfOuVGkqRzgVymGe07xd00DMxs.AQubh4a',1),
    ('NamJHjtiAu@venus.com', '$2a$10$8.UnVuG9HHgffUDAlk8qfOuVGkqRzgVymGe07xd00DMxs.AQubh4a',1),
    ('ZOgomJumne@venus.com', '$2a$10$8.UnVuG9HHgffUDAlk8qfOuVGkqRzgVymGe07xd00DMxs.AQubh4a',1),
    ('SYelBSbVnc@venus.com', '$2a$10$8.UnVuG9HHgffUDAlk8qfOuVGkqRzgVymGe07xd00DMxs.AQubh4a',1),
    ('ciEOcdopWx@venus.com', '$2a$10$8.UnVuG9HHgffUDAlk8qfOuVGkqRzgVymGe07xd00DMxs.AQubh4a',1),
    ('pVNUgdvHlj@venus.com', '$2a$10$8.UnVuG9HHgffUDAlk8qfOuVGkqRzgVymGe07xd00DMxs.AQubh4a',1),
    ('JwyoHCfrJw@venus.com', '$2a$10$8.UnVuG9HHgffUDAlk8qfOuVGkqRzgVymGe07xd00DMxs.AQubh4a',1),
    ('LTKJLDoGiF@venus.com', '$2a$10$8.UnVuG9HHgffUDAlk8qfOuVGkqRzgVymGe07xd00DMxs.AQubh4a',1),
    ('dQPYuGSbwW@venus.com', '$2a$10$8.UnVuG9HHgffUDAlk8qfOuVGkqRzgVymGe07xd00DMxs.AQubh4a',1),
    ('ZrsCalaunu@venus.com', '$2a$10$8.UnVuG9HHgffUDAlk8qfOuVGkqRzgVymGe07xd00DMxs.AQubh4a',1),
    ('CHVesJBbHD@venus.com', '$2a$10$8.UnVuG9HHgffUDAlk8qfOuVGkqRzgVymGe07xd00DMxs.AQubh4a',1),
    ('ovGDiSqjkO@venus.com', '$2a$10$8.UnVuG9HHgffUDAlk8qfOuVGkqRzgVymGe07xd00DMxs.AQubh4a',1),
    ('GbJHwuNlXd@venus.com', '$2a$10$8.UnVuG9HHgffUDAlk8qfOuVGkqRzgVymGe07xd00DMxs.AQubh4a',1),
    ('pedhWdNFpa@venus.com', '$2a$10$8.UnVuG9HHgffUDAlk8qfOuVGkqRzgVymGe07xd00DMxs.AQubh4a',1),
    ('EHmgXVKiip@venus.com', '$2a$10$8.UnVuG9HHgffUDAlk8qfOuVGkqRzgVymGe07xd00DMxs.AQubh4a',1),
    ('czuvoeBbsc@venus.com', '$2a$10$8.UnVuG9HHgffUDAlk8qfOuVGkqRzgVymGe07xd00DMxs.AQubh4a',1),
    ('jgVzofVxRZ@venus.com', '$2a$10$8.UnVuG9HHgffUDAlk8qfOuVGkqRzgVymGe07xd00DMxs.AQubh4a',1),
    ('anZWrdHDCq@venus.com', '$2a$10$8.UnVuG9HHgffUDAlk8qfOuVGkqRzgVymGe07xd00DMxs.AQubh4a',1);

INSERT INTO authorities (username, authority) values
    ('admin@venus.com', 'ROLE_ADMIN'),
    ('paulaguilar@venus.com', 'ROLE_STAFF'),
    ('jonoliver@venus.com', 'ROLE_STAFF'),
    ('claudinezhang@venus.com', 'ROLE_STAFF'),
    ('lovelinkumar@venus.com', 'ROLE_STAFF'),
    ('michelkouame@venus.com', 'ROLE_STAFF'),
    ('angelinacosta@venus.com', 'ROLE_STAFF'),
    ('brijeshgupta@venus.com', 'ROLE_STAFF'),
    ('amyfofana@venus.com', 'ROLE_STAFF'),
    ('testuser@venus.com', 'ROLE_USER'),
    ('CczVsH@venus.com', 'ROLE_STAFF'),
    ('taHbqH@venus.com', 'ROLE_STAFF'),
    ('RKfCnW@venus.com', 'ROLE_STAFF'),
    ('BAKyTt@venus.com', 'ROLE_STAFF'),
    ('LqHwZl@venus.com', 'ROLE_STAFF'),
    ('RdXrFh@venus.com', 'ROLE_STAFF'),
    ('cNLaqh@venus.com', 'ROLE_STAFF'),
    ('dTXgbH@venus.com', 'ROLE_STAFF'),
    ('BuNihp@venus.com', 'ROLE_STAFF'),
    ('BsxpAT@venus.com', 'ROLE_STAFF'),
    ('uBqDfq@venus.com', 'ROLE_STAFF'),
    ('rDtlkX@venus.com', 'ROLE_STAFF'),
    ('tCYSiY@venus.com', 'ROLE_STAFF'),
    ('CDaxNR@venus.com', 'ROLE_STAFF'),
    ('FhMzbH@venus.com', 'ROLE_STAFF'),
    ('nqjDJe@venus.com', 'ROLE_STAFF'),
    ('fcUEfX@venus.com', 'ROLE_STAFF'),
    ('KGtRGD@venus.com', 'ROLE_STAFF'),
    ('AHvFHP@venus.com', 'ROLE_STAFF'),
    ('POWkne@venus.com', 'ROLE_STAFF'),
    ('rypAba@venus.com', 'ROLE_STAFF'),
    ('tuRaYv@venus.com', 'ROLE_STAFF'),
    ('OyLQkY@venus.com', 'ROLE_STAFF'),
    ('glNUJz@venus.com', 'ROLE_STAFF'),
    ('pUzdXk@venus.com', 'ROLE_STAFF'),
    ('HikunH@venus.com', 'ROLE_STAFF'),
    ('BqKiDW@venus.com', 'ROLE_STAFF'),
    ('CtWzFe@venus.com', 'ROLE_STAFF'),
    ('ZUepGq@venus.com', 'ROLE_STAFF'),
    ('ntnGgu@venus.com', 'ROLE_STAFF'),
    ('vxKmLI@venus.com', 'ROLE_STAFF'),
    ('wQnTBU@venus.com', 'ROLE_STAFF'),
    ('XaSwJh@venus.com', 'ROLE_STAFF'),
    ('HWcuAJ@venus.com', 'ROLE_STAFF'),
    ('pZXaQw@venus.com', 'ROLE_STAFF'),
    ('WMxPaZ@venus.com', 'ROLE_STAFF'),
    ('XGtrUX@venus.com', 'ROLE_STAFF'),
    ('qOLBgd@venus.com', 'ROLE_STAFF'),
    ('QscQFR@venus.com', 'ROLE_STAFF'),
    ('RnKyfH@venus.com', 'ROLE_STAFF'),
    ('ukRqwP@venus.com', 'ROLE_STAFF'),
    ('vPZFDF@venus.com', 'ROLE_STAFF'),
    ('kfVvll@venus.com', 'ROLE_STAFF'),
    ('VzLEFl@venus.com', 'ROLE_STAFF'),
    ('LeaGCA@venus.com', 'ROLE_STAFF'),
    ('GrvVsS@venus.com', 'ROLE_STAFF'),
    ('pGdDSi@venus.com', 'ROLE_STAFF'),
    ('TxToaI@venus.com', 'ROLE_STAFF'),
    ('XoJbYb@venus.com', 'ROLE_STAFF'),
    ('CxQTYr@venus.com', 'ROLE_STAFF'),
    ('nidGlQ@venus.com', 'ROLE_STAFF'),
    ('YmCtss@venus.com', 'ROLE_STAFF'),
    ('rFfQCK@venus.com', 'ROLE_STAFF'),
    ('NXelAz@venus.com', 'ROLE_STAFF'),
    ('lpRGNA@venus.com', 'ROLE_STAFF'),
    ('qyypCg@venus.com', 'ROLE_STAFF'),
    ('hqNNGW@venus.com', 'ROLE_STAFF'),
    ('bQJSqV@venus.com', 'ROLE_STAFF'),
    ('XDwsDb@venus.com', 'ROLE_STAFF'),
    ('ZKNlUJ@venus.com', 'ROLE_STAFF'),
    ('lbFIQK@venus.com', 'ROLE_STAFF'),
    ('rlUcZn@venus.com', 'ROLE_STAFF'),
    ('IIuqSn@venus.com', 'ROLE_STAFF'),
    ('zGbwHO@venus.com', 'ROLE_STAFF'),
    ('UvqeWn@venus.com', 'ROLE_STAFF'),
    ('sDSWKD@venus.com', 'ROLE_STAFF'),
    ('PQDjCX@venus.com', 'ROLE_STAFF'),
    ('TsYnYJ@venus.com', 'ROLE_STAFF'),
    ('YvzOPa@venus.com', 'ROLE_STAFF'),
    ('feVIqn@venus.com', 'ROLE_STAFF'),
    ('ZclZxl@venus.com', 'ROLE_STAFF'),
    ('nPBnot@venus.com', 'ROLE_STAFF'),
    ('AzhOiq@venus.com', 'ROLE_STAFF'),
    ('ZLIUMk@venus.com', 'ROLE_STAFF'),
    ('isCAnE@venus.com', 'ROLE_STAFF'),
    ('KWQNif@venus.com', 'ROLE_STAFF'),
    ('IrXoCo@venus.com', 'ROLE_STAFF'),
    ('Qyujkk@venus.com', 'ROLE_STAFF'),
    ('dEMvzP@venus.com', 'ROLE_STAFF'),
    ('pfPYmV@venus.com', 'ROLE_STAFF'),
    ('HvYtPe@venus.com', 'ROLE_STAFF'),
    ('DNkLjB@venus.com', 'ROLE_STAFF'),
    ('aGoLLn@venus.com', 'ROLE_STAFF'),
    ('ADMTQx@venus.com', 'ROLE_STAFF'),
    ('hdBASW@venus.com', 'ROLE_STAFF'),
    ('jisFPZ@venus.com', 'ROLE_STAFF'),
    ('MEuSfN@venus.com', 'ROLE_STAFF'),
    ('xvSWGS@venus.com', 'ROLE_STAFF'),
    ('gSLZPw@venus.com', 'ROLE_STAFF'),
    ('WVAJbV@venus.com', 'ROLE_STAFF'),
    ('kzyFsJFpAy@venus.com', 'ROLE_STAFF'),
    ('UGsqUmMxyL@venus.com', 'ROLE_STAFF'),
    ('RrsDxmWuTH@venus.com', 'ROLE_STAFF'),
    ('aELETXNJtR@venus.com', 'ROLE_STAFF'),
    ('KlcMtYqmGR@venus.com', 'ROLE_STAFF'),
    ('TXiVuROdBd@venus.com', 'ROLE_STAFF'),
    ('hjsiLEEWXO@venus.com', 'ROLE_STAFF'),
    ('uABYdJzhsg@venus.com', 'ROLE_STAFF'),
    ('ShqyASndej@venus.com', 'ROLE_STAFF'),
    ('jwbyRHyyWd@venus.com', 'ROLE_STAFF'),
    ('kdozekcrti@venus.com', 'ROLE_STAFF'),
    ('qqYCCEiWqS@venus.com', 'ROLE_STAFF'),
    ('HixztYtiQG@venus.com', 'ROLE_STAFF'),
    ('yfmACpYsrc@venus.com', 'ROLE_STAFF'),
    ('AOuiIZjJNX@venus.com', 'ROLE_STAFF'),
    ('HGwnqKzwcT@venus.com', 'ROLE_STAFF'),
    ('rYpjmZNPsM@venus.com', 'ROLE_STAFF'),
    ('uhXRfONrLE@venus.com', 'ROLE_STAFF'),
    ('ovVTYwIjip@venus.com', 'ROLE_STAFF'),
    ('pLjXJSEcui@venus.com', 'ROLE_STAFF'),
    ('HYmPSfjNQw@venus.com', 'ROLE_STAFF'),
    ('EWUKBTRwuA@venus.com', 'ROLE_STAFF'),
    ('GGqwqDmovE@venus.com', 'ROLE_STAFF'),
    ('Soiguuvmgp@venus.com', 'ROLE_STAFF'),
    ('cxZFmkpRHR@venus.com', 'ROLE_STAFF'),
    ('iLLbwHJvZM@venus.com', 'ROLE_STAFF'),
    ('zuYbnuxMbD@venus.com', 'ROLE_STAFF'),
    ('zCzLxIpROs@venus.com', 'ROLE_STAFF'),
    ('RNbQNdvSpp@venus.com', 'ROLE_STAFF'),
    ('POSuGfbpXZ@venus.com', 'ROLE_STAFF'),
    ('ujTSGWCQNO@venus.com', 'ROLE_STAFF'),
    ('bHgCJCndUh@venus.com', 'ROLE_STAFF'),
    ('iUVFMmCNTA@venus.com', 'ROLE_STAFF'),
    ('OGixRIqfhu@venus.com', 'ROLE_STAFF'),
    ('DffWTPCDlG@venus.com', 'ROLE_STAFF'),
    ('GuncyrSAlU@venus.com', 'ROLE_STAFF'),
    ('aMNIHmcKHR@venus.com', 'ROLE_STAFF'),
    ('iaQbNuViLa@venus.com', 'ROLE_STAFF'),
    ('TJcpOIznEl@venus.com', 'ROLE_STAFF'),
    ('fxaNbZgJNx@venus.com', 'ROLE_STAFF'),
    ('ycaajqzlGQ@venus.com', 'ROLE_STAFF'),
    ('GMjbqpCmvL@venus.com', 'ROLE_STAFF'),
    ('FrxeCOuzIb@venus.com', 'ROLE_STAFF'),
    ('FCXeCMbzZy@venus.com', 'ROLE_STAFF'),
    ('IKKhKxlTvX@venus.com', 'ROLE_STAFF'),
    ('DsotpdQlYi@venus.com', 'ROLE_STAFF'),
    ('RQOIkqwZjO@venus.com', 'ROLE_STAFF'),
    ('BUsaNYQixZ@venus.com', 'ROLE_STAFF'),
    ('MpgFxRSwwS@venus.com', 'ROLE_STAFF'),
    ('YhdwdjIYcW@venus.com', 'ROLE_STAFF'),
    ('xKustFVQEK@venus.com', 'ROLE_STAFF'),
    ('lQJkYtDBjs@venus.com', 'ROLE_STAFF'),
    ('LgoimPSbiR@venus.com', 'ROLE_STAFF'),
    ('KIfBPDayBR@venus.com', 'ROLE_STAFF'),
    ('bruUZuXDJw@venus.com', 'ROLE_STAFF'),
    ('UJBFhvJVnj@venus.com', 'ROLE_STAFF'),
    ('oiGXcymHQE@venus.com', 'ROLE_STAFF'),
    ('bwYfmUhvmX@venus.com', 'ROLE_STAFF'),
    ('uLcAtTAUsN@venus.com', 'ROLE_STAFF'),
    ('vlYojFtdMy@venus.com', 'ROLE_STAFF'),
    ('PCqKPTNGVp@venus.com', 'ROLE_STAFF'),
    ('tXGUYjWYGM@venus.com', 'ROLE_STAFF'),
    ('NGMehQQvrG@venus.com', 'ROLE_STAFF'),
    ('ibNrbPFWwI@venus.com', 'ROLE_STAFF'),
    ('XJXKbepEpT@venus.com', 'ROLE_STAFF'),
    ('kJSFFpeygx@venus.com', 'ROLE_STAFF'),
    ('ayCGQLdNpX@venus.com', 'ROLE_STAFF'),
    ('GMBaaZuJLJ@venus.com', 'ROLE_STAFF'),
    ('yWmBHylLWq@venus.com', 'ROLE_STAFF'),
    ('OwkqeFqFug@venus.com', 'ROLE_STAFF'),
    ('dUkpQwhVGi@venus.com', 'ROLE_STAFF'),
    ('WoBMrffPrE@venus.com', 'ROLE_STAFF'),
    ('pSTXXrymWU@venus.com', 'ROLE_STAFF'),
    ('ANdSvmHdhY@venus.com', 'ROLE_STAFF'),
    ('CfCPfBClOK@venus.com', 'ROLE_STAFF'),
    ('gfXOWAaBiY@venus.com', 'ROLE_STAFF'),
    ('dGDWcVWBDd@venus.com', 'ROLE_STAFF'), 
    ('ZbEzGraFNx@venus.com', 'ROLE_STAFF'),
    ('ZkWXpIUVyU@venus.com', 'ROLE_STAFF'),
    ('WKXqCxZyYP@venus.com', 'ROLE_STAFF'),
    ('HLDwGWzJVI@venus.com', 'ROLE_STAFF'),
    ('gWKbdhbxnB@venus.com', 'ROLE_STAFF'),
    ('TmEyTTKvZs@venus.com', 'ROLE_STAFF'),
    ('NamJHjtiAu@venus.com', 'ROLE_STAFF'),
    ('ZOgomJumne@venus.com', 'ROLE_STAFF'),
    ('SYelBSbVnc@venus.com', 'ROLE_STAFF'),
    ('ciEOcdopWx@venus.com', 'ROLE_STAFF'),
    ('pVNUgdvHlj@venus.com', 'ROLE_STAFF'),
    ('JwyoHCfrJw@venus.com', 'ROLE_STAFF'),
    ('LTKJLDoGiF@venus.com', 'ROLE_STAFF'),
    ('dQPYuGSbwW@venus.com', 'ROLE_STAFF'),
    ('ZrsCalaunu@venus.com', 'ROLE_STAFF'),
    ('CHVesJBbHD@venus.com', 'ROLE_STAFF'),
    ('ovGDiSqjkO@venus.com', 'ROLE_STAFF'),
    ('GbJHwuNlXd@venus.com', 'ROLE_STAFF'),
    ('pedhWdNFpa@venus.com', 'ROLE_STAFF'),
    ('EHmgXVKiip@venus.com', 'ROLE_STAFF'),
    ('czuvoeBbsc@venus.com', 'ROLE_STAFF'),
    ('jgVzofVxRZ@venus.com', 'ROLE_STAFF'),
    ('anZWrdHDCq@venus.com', 'ROLE_STAFF');



INSERT INTO userinfo (username, firstname, lastname) values
    ('admin@venus.com', 'admin' , 'admin'),
    ('paulaguilar@venus.com', 'Paul', 'Aguilar'),
    ('jonoliver@venus.com', 'Jon', 'Oliver'),
    ('claudinezhang@venus.com', 'Claudine', 'Zhang'),
    ('lovelinkumar@venus.com', 'Lovelin', 'Kumar'),
    ('michelkouame@venus.com', 'Michel', 'Kouame'),
    ('angelinacosta@venus.com', 'Angelina', 'Costa'),
    ('brijeshgupta@venus.com', 'Brijesh', 'Gupta'),
    ('amyfofana@venus.com', 'Amy', 'Fofana'),
    ('testuser@venus.com', 'testuser', 'testuser'),
    ('CczVsH@venus.com', 'CczVsH@venus.com', 'ROLE_STAFF'),
    ('taHbqH@venus.com', 'taHbqH@venus.com', 'ROLE_STAFF'),
    ('RKfCnW@venus.com', 'RKfCnW@venus.com', 'ROLE_STAFF'),
    ('BAKyTt@venus.com', 'BAKyTt@venus.com', 'ROLE_STAFF'),
    ('LqHwZl@venus.com', 'LqHwZl@venus.com', 'ROLE_STAFF'),
    ('RdXrFh@venus.com', 'RdXrFh@venus.com', 'ROLE_STAFF'),
    ('cNLaqh@venus.com', 'cNLaqh@venus.com', 'ROLE_STAFF'),
    ('dTXgbH@venus.com', 'dTXgbH@venus.com', 'ROLE_STAFF'),
    ('BuNihp@venus.com', 'BuNihp@venus.com', 'ROLE_STAFF'),
    ('BsxpAT@venus.com', 'BsxpAT@venus.com', 'ROLE_STAFF'),
    ('uBqDfq@venus.com', 'uBqDfq@venus.com', 'ROLE_STAFF'),
    ('rDtlkX@venus.com', 'rDtlkX@venus.com', 'ROLE_STAFF'),
    ('tCYSiY@venus.com', 'tCYSiY@venus.com', 'ROLE_STAFF'),
    ('CDaxNR@venus.com', 'CDaxNR@venus.com', 'ROLE_STAFF'),
    ('FhMzbH@venus.com', 'FhMzbH@venus.com', 'ROLE_STAFF'),
    ('nqjDJe@venus.com', 'nqjDJe@venus.com', 'ROLE_STAFF'),
    ('fcUEfX@venus.com', 'fcUEfX@venus.com', 'ROLE_STAFF'),
    ('KGtRGD@venus.com', 'KGtRGD@venus.com', 'ROLE_STAFF'),
    ('AHvFHP@venus.com', 'AHvFHP@venus.com', 'ROLE_STAFF'),
    ('POWkne@venus.com', 'POWkne@venus.com', 'ROLE_STAFF'),
    ('rypAba@venus.com', 'rypAba@venus.com', 'ROLE_STAFF'),
    ('tuRaYv@venus.com', 'tuRaYv@venus.com', 'ROLE_STAFF'),
    ('OyLQkY@venus.com', 'OyLQkY@venus.com', 'ROLE_STAFF'),
    ('glNUJz@venus.com', 'glNUJz@venus.com', 'ROLE_STAFF'),
    ('pUzdXk@venus.com', 'pUzdXk@venus.com', 'ROLE_STAFF'),
    ('HikunH@venus.com', 'HikunH@venus.com', 'ROLE_STAFF'),
    ('BqKiDW@venus.com', 'BqKiDW@venus.com', 'ROLE_STAFF'),
    ('CtWzFe@venus.com', 'CtWzFe@venus.com', 'ROLE_STAFF'),
    ('ZUepGq@venus.com', 'ZUepGq@venus.com', 'ROLE_STAFF'),
    ('ntnGgu@venus.com', 'ntnGgu@venus.com', 'ROLE_STAFF'),
    ('vxKmLI@venus.com', 'vxKmLI@venus.com', 'ROLE_STAFF'),
    ('wQnTBU@venus.com', 'wQnTBU@venus.com', 'ROLE_STAFF'),
    ('XaSwJh@venus.com', 'XaSwJh@venus.com', 'ROLE_STAFF'),
    ('HWcuAJ@venus.com', 'HWcuAJ@venus.com', 'ROLE_STAFF'),
    ('pZXaQw@venus.com', 'pZXaQw@venus.com', 'ROLE_STAFF'),
    ('WMxPaZ@venus.com', 'WMxPaZ@venus.com', 'ROLE_STAFF'),
    ('XGtrUX@venus.com', 'XGtrUX@venus.com', 'ROLE_STAFF'),
    ('qOLBgd@venus.com', 'qOLBgd@venus.com', 'ROLE_STAFF'),
    ('QscQFR@venus.com', 'QscQFR@venus.com', 'ROLE_STAFF'),
    ('RnKyfH@venus.com', 'RnKyfH@venus.com', 'ROLE_STAFF'),
    ('ukRqwP@venus.com', 'ukRqwP@venus.com', 'ROLE_STAFF'),
    ('vPZFDF@venus.com', 'vPZFDF@venus.com', 'ROLE_STAFF'),
    ('kfVvll@venus.com', 'kfVvll@venus.com', 'ROLE_STAFF'),
    ('VzLEFl@venus.com', 'VzLEFl@venus.com', 'ROLE_STAFF'),
    ('LeaGCA@venus.com', 'LeaGCA@venus.com', 'ROLE_STAFF'),
    ('GrvVsS@venus.com', 'GrvVsS@venus.com', 'ROLE_STAFF'),
    ('pGdDSi@venus.com', 'pGdDSi@venus.com', 'ROLE_STAFF'),
    ('TxToaI@venus.com', 'TxToaI@venus.com', 'ROLE_STAFF'),
    ('XoJbYb@venus.com', 'XoJbYb@venus.com', 'ROLE_STAFF'),
    ('CxQTYr@venus.com', 'CxQTYr@venus.com', 'ROLE_STAFF'),
    ('nidGlQ@venus.com', 'nidGlQ@venus.com', 'ROLE_STAFF'),
    ('YmCtss@venus.com', 'YmCtss@venus.com', 'ROLE_STAFF'),
    ('rFfQCK@venus.com', 'rFfQCK@venus.com', 'ROLE_STAFF'),
    ('NXelAz@venus.com', 'NXelAz@venus.com', 'ROLE_STAFF'),
    ('lpRGNA@venus.com', 'lpRGNA@venus.com', 'ROLE_STAFF'),
    ('qyypCg@venus.com', 'qyypCg@venus.com', 'ROLE_STAFF'),
    ('hqNNGW@venus.com', 'hqNNGW@venus.com', 'ROLE_STAFF'),
    ('bQJSqV@venus.com', 'bQJSqV@venus.com', 'ROLE_STAFF'),
    ('XDwsDb@venus.com', 'XDwsDb@venus.com', 'ROLE_STAFF'),
    ('ZKNlUJ@venus.com', 'ZKNlUJ@venus.com', 'ROLE_STAFF'),
    ('lbFIQK@venus.com', 'lbFIQK@venus.com', 'ROLE_STAFF'),
    ('rlUcZn@venus.com', 'rlUcZn@venus.com', 'ROLE_STAFF'),
    ('IIuqSn@venus.com', 'IIuqSn@venus.com', 'ROLE_STAFF'),
    ('zGbwHO@venus.com', 'zGbwHO@venus.com', 'ROLE_STAFF'),
    ('UvqeWn@venus.com', 'UvqeWn@venus.com', 'ROLE_STAFF'),
    ('sDSWKD@venus.com', 'sDSWKD@venus.com', 'ROLE_STAFF'),
    ('PQDjCX@venus.com', 'PQDjCX@venus.com', 'ROLE_STAFF'),
    ('TsYnYJ@venus.com', 'TsYnYJ@venus.com', 'ROLE_STAFF'),
    ('YvzOPa@venus.com', 'YvzOPa@venus.com', 'ROLE_STAFF'),
    ('feVIqn@venus.com', 'feVIqn@venus.com', 'ROLE_STAFF'),
    ('ZclZxl@venus.com', 'ZclZxl@venus.com', 'ROLE_STAFF'),
    ('nPBnot@venus.com', 'nPBnot@venus.com', 'ROLE_STAFF'),
    ('AzhOiq@venus.com', 'AzhOiq@venus.com', 'ROLE_STAFF'),
    ('ZLIUMk@venus.com', 'ZLIUMk@venus.com', 'ROLE_STAFF'),
    ('isCAnE@venus.com', 'isCAnE@venus.com', 'ROLE_STAFF'),
    ('KWQNif@venus.com', 'KWQNif@venus.com', 'ROLE_STAFF'),
    ('IrXoCo@venus.com', 'IrXoCo@venus.com', 'ROLE_STAFF'),
    ('Qyujkk@venus.com', 'Qyujkk@venus.com', 'ROLE_STAFF'),
    ('dEMvzP@venus.com', 'dEMvzP@venus.com', 'ROLE_STAFF'),
    ('pfPYmV@venus.com', 'pfPYmV@venus.com', 'ROLE_STAFF'),
    ('HvYtPe@venus.com', 'HvYtPe@venus.com', 'ROLE_STAFF'),
    ('DNkLjB@venus.com', 'DNkLjB@venus.com', 'ROLE_STAFF'),
    ('aGoLLn@venus.com', 'aGoLLn@venus.com', 'ROLE_STAFF'),
    ('ADMTQx@venus.com', 'ADMTQx@venus.com', 'ROLE_STAFF'),
    ('hdBASW@venus.com', 'hdBASW@venus.com', 'ROLE_STAFF'),
    ('jisFPZ@venus.com', 'jisFPZ@venus.com', 'ROLE_STAFF'),
    ('MEuSfN@venus.com', 'MEuSfN@venus.com', 'ROLE_STAFF'),
    ('xvSWGS@venus.com', 'xvSWGS@venus.com', 'ROLE_STAFF'),
    ('gSLZPw@venus.com', 'gSLZPw@venus.com', 'ROLE_STAFF'),
    ('WVAJbV@venus.com', 'WVAJbV@venus.com', 'ROLE_STAFF'),
    ('kzyFsJFpAy@venus.com', 'kzyFsJFpAy@venus.com', 'ROLE_STAFF'),
    ('UGsqUmMxyL@venus.com', 'UGsqUmMxyL@venus.com', 'ROLE_STAFF'),
    ('RrsDxmWuTH@venus.com', 'RrsDxmWuTH@venus.com', 'ROLE_STAFF'),
    ('aELETXNJtR@venus.com', 'aELETXNJtR@venus.com', 'ROLE_STAFF'),
    ('KlcMtYqmGR@venus.com', 'KlcMtYqmGR@venus.com', 'ROLE_STAFF'),
    ('TXiVuROdBd@venus.com', 'TXiVuROdBd@venus.com', 'ROLE_STAFF'),
    ('hjsiLEEWXO@venus.com', 'hjsiLEEWXO@venus.com', 'ROLE_STAFF'),
    ('uABYdJzhsg@venus.com', 'uABYdJzhsg@venus.com', 'ROLE_STAFF'),
    ('ShqyASndej@venus.com', 'ShqyASndej@venus.com', 'ROLE_STAFF'),
    ('jwbyRHyyWd@venus.com', 'jwbyRHyyWd@venus.com', 'ROLE_STAFF'),
    ('kdozekcrti@venus.com', 'kdozekcrti@venus.com', 'ROLE_STAFF'),
    ('qqYCCEiWqS@venus.com', 'qqYCCEiWqS@venus.com', 'ROLE_STAFF'),
    ('HixztYtiQG@venus.com', 'HixztYtiQG@venus.com', 'ROLE_STAFF'),
    ('yfmACpYsrc@venus.com', 'yfmACpYsrc@venus.com', 'ROLE_STAFF'),
    ('AOuiIZjJNX@venus.com', 'AOuiIZjJNX@venus.com', 'ROLE_STAFF'),
    ('HGwnqKzwcT@venus.com', 'HGwnqKzwcT@venus.com', 'ROLE_STAFF'),
    ('rYpjmZNPsM@venus.com', 'rYpjmZNPsM@venus.com', 'ROLE_STAFF'),
    ('uhXRfONrLE@venus.com', 'uhXRfONrLE@venus.com', 'ROLE_STAFF'),
    ('ovVTYwIjip@venus.com', 'ovVTYwIjip@venus.com', 'ROLE_STAFF'),
    ('pLjXJSEcui@venus.com', 'pLjXJSEcui@venus.com', 'ROLE_STAFF'),
    ('HYmPSfjNQw@venus.com', 'HYmPSfjNQw@venus.com', 'ROLE_STAFF'),
    ('EWUKBTRwuA@venus.com', 'EWUKBTRwuA@venus.com', 'ROLE_STAFF'),
    ('GGqwqDmovE@venus.com', 'GGqwqDmovE@venus.com', 'ROLE_STAFF'),
    ('Soiguuvmgp@venus.com', 'Soiguuvmgp@venus.com', 'ROLE_STAFF'),
    ('cxZFmkpRHR@venus.com', 'cxZFmkpRHR@venus.com', 'ROLE_STAFF'),
    ('iLLbwHJvZM@venus.com', 'iLLbwHJvZM@venus.com', 'ROLE_STAFF'),
    ('zuYbnuxMbD@venus.com', 'zuYbnuxMbD@venus.com', 'ROLE_STAFF'),
    ('zCzLxIpROs@venus.com', 'zCzLxIpROs@venus.com', 'ROLE_STAFF'),
    ('RNbQNdvSpp@venus.com', 'RNbQNdvSpp@venus.com', 'ROLE_STAFF'),
    ('POSuGfbpXZ@venus.com', 'POSuGfbpXZ@venus.com', 'ROLE_STAFF'),
    ('ujTSGWCQNO@venus.com', 'ujTSGWCQNO@venus.com', 'ROLE_STAFF'),
    ('bHgCJCndUh@venus.com', 'bHgCJCndUh@venus.com', 'ROLE_STAFF'),
    ('iUVFMmCNTA@venus.com', 'iUVFMmCNTA@venus.com', 'ROLE_STAFF'),
    ('OGixRIqfhu@venus.com', 'OGixRIqfhu@venus.com', 'ROLE_STAFF'),
    ('DffWTPCDlG@venus.com', 'DffWTPCDlG@venus.com', 'ROLE_STAFF'),
    ('GuncyrSAlU@venus.com', 'GuncyrSAlU@venus.com', 'ROLE_STAFF'),
    ('aMNIHmcKHR@venus.com', 'aMNIHmcKHR@venus.com', 'ROLE_STAFF'),
    ('iaQbNuViLa@venus.com', 'iaQbNuViLa@venus.com', 'ROLE_STAFF'),
    ('TJcpOIznEl@venus.com', 'TJcpOIznEl@venus.com', 'ROLE_STAFF'),
    ('fxaNbZgJNx@venus.com', 'fxaNbZgJNx@venus.com', 'ROLE_STAFF'),
    ('ycaajqzlGQ@venus.com', 'ycaajqzlGQ@venus.com', 'ROLE_STAFF'),
    ('GMjbqpCmvL@venus.com', 'GMjbqpCmvL@venus.com', 'ROLE_STAFF'),
    ('FrxeCOuzIb@venus.com', 'FrxeCOuzIb@venus.com', 'ROLE_STAFF'),
    ('FCXeCMbzZy@venus.com', 'FCXeCMbzZy@venus.com', 'ROLE_STAFF'),
    ('IKKhKxlTvX@venus.com', 'IKKhKxlTvX@venus.com', 'ROLE_STAFF'),
    ('DsotpdQlYi@venus.com', 'DsotpdQlYi@venus.com', 'ROLE_STAFF'),
    ('RQOIkqwZjO@venus.com', 'RQOIkqwZjO@venus.com', 'ROLE_STAFF'),
    ('BUsaNYQixZ@venus.com', 'BUsaNYQixZ@venus.com', 'ROLE_STAFF'),
    ('MpgFxRSwwS@venus.com', 'MpgFxRSwwS@venus.com', 'ROLE_STAFF'),
    ('YhdwdjIYcW@venus.com', 'YhdwdjIYcW@venus.com', 'ROLE_STAFF'),
    ('xKustFVQEK@venus.com', 'xKustFVQEK@venus.com', 'ROLE_STAFF'),
    ('lQJkYtDBjs@venus.com', 'lQJkYtDBjs@venus.com', 'ROLE_STAFF'),
    ('LgoimPSbiR@venus.com', 'LgoimPSbiR@venus.com', 'ROLE_STAFF'),
    ('KIfBPDayBR@venus.com', 'KIfBPDayBR@venus.com', 'ROLE_STAFF'),
    ('bruUZuXDJw@venus.com', 'bruUZuXDJw@venus.com', 'ROLE_STAFF'),
    ('UJBFhvJVnj@venus.com', 'UJBFhvJVnj@venus.com', 'ROLE_STAFF'),
    ('oiGXcymHQE@venus.com', 'oiGXcymHQE@venus.com', 'ROLE_STAFF'),
    ('bwYfmUhvmX@venus.com', 'bwYfmUhvmX@venus.com', 'ROLE_STAFF'),
    ('uLcAtTAUsN@venus.com', 'uLcAtTAUsN@venus.com', 'ROLE_STAFF'),
    ('vlYojFtdMy@venus.com', 'vlYojFtdMy@venus.com', 'ROLE_STAFF'),
    ('PCqKPTNGVp@venus.com', 'PCqKPTNGVp@venus.com', 'ROLE_STAFF'),
    ('tXGUYjWYGM@venus.com', 'tXGUYjWYGM@venus.com', 'ROLE_STAFF'),
    ('NGMehQQvrG@venus.com', 'NGMehQQvrG@venus.com', 'ROLE_STAFF'),
    ('ibNrbPFWwI@venus.com', 'ibNrbPFWwI@venus.com', 'ROLE_STAFF'),
    ('XJXKbepEpT@venus.com', 'XJXKbepEpT@venus.com', 'ROLE_STAFF'),
    ('kJSFFpeygx@venus.com', 'kJSFFpeygx@venus.com', 'ROLE_STAFF'),
    ('ayCGQLdNpX@venus.com', 'ayCGQLdNpX@venus.com', 'ROLE_STAFF'),
    ('GMBaaZuJLJ@venus.com', 'GMBaaZuJLJ@venus.com', 'ROLE_STAFF'),
    ('yWmBHylLWq@venus.com', 'yWmBHylLWq@venus.com', 'ROLE_STAFF'),
    ('OwkqeFqFug@venus.com', 'OwkqeFqFug@venus.com', 'ROLE_STAFF'),
    ('dUkpQwhVGi@venus.com', 'dUkpQwhVGi@venus.com', 'ROLE_STAFF'),
    ('WoBMrffPrE@venus.com', 'WoBMrffPrE@venus.com', 'ROLE_STAFF'),
    ('pSTXXrymWU@venus.com', 'pSTXXrymWU@venus.com', 'ROLE_STAFF'),
    ('ANdSvmHdhY@venus.com', 'ANdSvmHdhY@venus.com', 'ROLE_STAFF'),
    ('CfCPfBClOK@venus.com', 'CfCPfBClOK@venus.com', 'ROLE_STAFF'),
    ('gfXOWAaBiY@venus.com', 'gfXOWAaBiY@venus.com', 'ROLE_STAFF'),
    ('dGDWcVWBDd@venus.com', 'dGDWcVWBDd@venus.com', 'ROLE_STAFF'),
    ('ZbEzGraFNx@venus.com', 'ZbEzGraFNx@venus.com', 'ROLE_STAFF'),
    ('ZkWXpIUVyU@venus.com', 'ZkWXpIUVyU@venus.com', 'ROLE_STAFF'),
    ('WKXqCxZyYP@venus.com', 'WKXqCxZyYP@venus.com', 'ROLE_STAFF'),
    ('HLDwGWzJVI@venus.com', 'HLDwGWzJVI@venus.com', 'ROLE_STAFF'),
    ('gWKbdhbxnB@venus.com', 'gWKbdhbxnB@venus.com', 'ROLE_STAFF'),
    ('TmEyTTKvZs@venus.com', 'TmEyTTKvZs@venus.com', 'ROLE_STAFF'),
    ('NamJHjtiAu@venus.com', 'NamJHjtiAu@venus.com', 'ROLE_STAFF'),
    ('ZOgomJumne@venus.com', 'ZOgomJumne@venus.com', 'ROLE_STAFF'),
    ('SYelBSbVnc@venus.com', 'SYelBSbVnc@venus.com', 'ROLE_STAFF'),
    ('ciEOcdopWx@venus.com', 'ciEOcdopWx@venus.com', 'ROLE_STAFF'),
    ('pVNUgdvHlj@venus.com', 'pVNUgdvHlj@venus.com', 'ROLE_STAFF'),
    ('JwyoHCfrJw@venus.com', 'JwyoHCfrJw@venus.com', 'ROLE_STAFF'),
    ('LTKJLDoGiF@venus.com', 'LTKJLDoGiF@venus.com', 'ROLE_STAFF'),
    ('dQPYuGSbwW@venus.com', 'dQPYuGSbwW@venus.com', 'ROLE_STAFF'),
    ('ZrsCalaunu@venus.com', 'ZrsCalaunu@venus.com', 'ROLE_STAFF'),
    ('CHVesJBbHD@venus.com', 'CHVesJBbHD@venus.com', 'ROLE_STAFF'),
    ('ovGDiSqjkO@venus.com', 'ovGDiSqjkO@venus.com', 'ROLE_STAFF'),
    ('GbJHwuNlXd@venus.com', 'GbJHwuNlXd@venus.com', 'ROLE_STAFF'),
    ('pedhWdNFpa@venus.com', 'pedhWdNFpa@venus.com', 'ROLE_STAFF'),
    ('EHmgXVKiip@venus.com', 'EHmgXVKiip@venus.com', 'ROLE_STAFF'),
    ('czuvoeBbsc@venus.com', 'czuvoeBbsc@venus.com', 'ROLE_STAFF'),
    ('jgVzofVxRZ@venus.com', 'jgVzofVxRZ@venus.com', 'ROLE_STAFF'),
    ('anZWrdHDCq@venus.com', 'anZWrdHDCq@venus.com', 'ROLE_STAFF');

INSERT INTO secrets (username, secretname, createddate, secretdata) values
    ('admin@venus.com', '1', '01/01/1999', '1'),
    ('paulaguilar@venus.com', '2', '01/01/1999', '2'),
    ('jonoliver@venus.com', '3', '01/01/1999', '3'),
    ('claudinezhang@venus.com', '4', '01/01/1999', '4'),
    ('lovelinkumar@venus.com', '5', '01/01/1999', '5'),
    ('michelkouame@venus.com', '6', '01/01/1999', '6'),
    ('angelinacosta@venus.com', '7', '01/01/1999', '7'),
    ('brijeshgupta@venus.com', '8', '01/01/1999', '8'),
    ('amyfofana@venus.com', '9', '01/01/1999', '9'),
    ('testuser@venus.com', '10', '01/01/1999', '10'),
    ('CczVsH@venus.com', '11', '01/01/1999', '11'),
    ('taHbqH@venus.com', '12', '01/01/1999', '12'),
    ('RKfCnW@venus.com', '13', '01/01/1999', '13'),
    ('BAKyTt@venus.com', '14', '01/01/1999', '14'),
    ('LqHwZl@venus.com', '15', '01/01/1999', '15'),
    ('RdXrFh@venus.com', '16', '01/01/1999', '16'),
    ('cNLaqh@venus.com', '17', '01/01/1999', '17'),
    ('dTXgbH@venus.com', '18', '01/01/1999', '18'),
    ('BuNihp@venus.com', '19', '01/01/1999', '19'),
    ('BsxpAT@venus.com', '20', '01/01/1999', '20'),
    ('uBqDfq@venus.com', '21', '01/01/1999', '21'),
    ('rDtlkX@venus.com', '22', '01/01/1999', '22'),
    ('tCYSiY@venus.com', '23', '01/01/1999', '23'),
    ('CDaxNR@venus.com', '24', '01/01/1999', '24'),
    ('FhMzbH@venus.com', '25', '01/01/1999', '25'),
    ('nqjDJe@venus.com', '26', '01/01/1999', '26'),
    ('fcUEfX@venus.com', '27', '01/01/1999', '27'),
    ('KGtRGD@venus.com', '28', '01/01/1999', '28'),
    ('AHvFHP@venus.com', '29', '01/01/1999', '29'),
    ('POWkne@venus.com', '30', '01/01/1999', '30'),
    ('rypAba@venus.com', '31', '01/01/1999', '31'),
    ('tuRaYv@venus.com', '32', '01/01/1999', '32'),
    ('OyLQkY@venus.com', '33', '01/01/1999', '33'),
    ('glNUJz@venus.com', '34', '01/01/1999', '34'), 
    ('pUzdXk@venus.com', '35', '01/01/1999', '35'),
    ('HikunH@venus.com', '36', '01/01/1999', '36'),
    ('BqKiDW@venus.com', '37', '01/01/1999', '37'),
    ('CtWzFe@venus.com', '38', '01/01/1999', '38'),
    ('ZUepGq@venus.com', '39', '01/01/1999', '39'),
    ('ntnGgu@venus.com', '40', '01/01/1999', '40'),
    ('vxKmLI@venus.com', '41', '01/01/1999', '41'),
    ('wQnTBU@venus.com', '42', '01/01/1999', '42'),
    ('XaSwJh@venus.com', '43', '01/01/1999', '43'),
    ('HWcuAJ@venus.com', '44', '01/01/1999', '44'),
    ('pZXaQw@venus.com', '45', '01/01/1999', '45'),
    ('WMxPaZ@venus.com', '46', '01/01/1999', '46'),
    ('XGtrUX@venus.com', '47', '01/01/1999', '47'),
    ('qOLBgd@venus.com', '48', '01/01/1999', '48'),
    ('QscQFR@venus.com', '49', '01/01/1999', '49'),
    ('RnKyfH@venus.com', '50', '01/01/1999', '50'),
    ('ukRqwP@venus.com', '51', '01/01/1999', '51'),
    ('vPZFDF@venus.com', '52', '01/01/1999', '52'),
    ('kfVvll@venus.com', '53', '01/01/1999', '53'),
    ('VzLEFl@venus.com', '54', '01/01/1999', '54'),
    ('LeaGCA@venus.com', '55', '01/01/1999', '55'),
    ('GrvVsS@venus.com', '56', '01/01/1999', '56'),
    ('pGdDSi@venus.com', '57', '01/01/1999', '57'),
    ('TxToaI@venus.com', '58', '01/01/1999', '58'),
    ('XoJbYb@venus.com', '59', '01/01/1999', '59'),
    ('CxQTYr@venus.com', '60', '01/01/1999', '60'),
    ('nidGlQ@venus.com', '61', '01/01/1999', '61'),
    ('YmCtss@venus.com', '62', '01/01/1999', '62'),
    ('rFfQCK@venus.com', '63', '01/01/1999', '63'),
    ('NXelAz@venus.com', '64', '01/01/1999', '64'),
    ('lpRGNA@venus.com', '65', '01/01/1999', '65'),
    ('qyypCg@venus.com', '66', '01/01/1999', '66'),
    ('hqNNGW@venus.com', '67', '01/01/1999', '67'),
    ('bQJSqV@venus.com', '68', '01/01/1999', '68'),
    ('XDwsDb@venus.com', '69', '01/01/1999', '69'),
    ('ZKNlUJ@venus.com', '70', '01/01/1999', '70'),
    ('lbFIQK@venus.com', '71', '01/01/1999', '71'),
    ('rlUcZn@venus.com', '72', '01/01/1999', '72'),
    ('IIuqSn@venus.com', '73', '01/01/1999', '73'),
    ('zGbwHO@venus.com', '74', '01/01/1999', '74'),
    ('UvqeWn@venus.com', '75', '01/01/1999', '75'),
    ('sDSWKD@venus.com', '76', '01/01/1999', '76'),
    ('PQDjCX@venus.com', '77', '01/01/1999', '77'),
    ('TsYnYJ@venus.com', '78', '01/01/1999', '78'),
    ('YvzOPa@venus.com', '79', '01/01/1999', '79'),
    ('feVIqn@venus.com', '80', '01/01/1999', '80'),
    ('ZclZxl@venus.com', '81', '01/01/1999', '81'),
    ('nPBnot@venus.com', '82', '01/01/1999', '82'),
    ('AzhOiq@venus.com', '83', '01/01/1999', '83'),
    ('ZLIUMk@venus.com', '84', '01/01/1999', '84'),
    ('isCAnE@venus.com', '85', '01/01/1999', '85'),
    ('KWQNif@venus.com', '86', '01/01/1999', '86'),
    ('IrXoCo@venus.com', '87', '01/01/1999', '87'),
    ('Qyujkk@venus.com', '88', '01/01/1999', '88'),
    ('dEMvzP@venus.com', '89', '01/01/1999', '89'),
    ('pfPYmV@venus.com', '90', '01/01/1999', '90'),
    ('HvYtPe@venus.com', '91', '01/01/1999', '91'),
    ('DNkLjB@venus.com', '92', '01/01/1999', '92'),
    ('aGoLLn@venus.com', '93', '01/01/1999', '93'),
    ('ADMTQx@venus.com', '94', '01/01/1999', '94'),
    ('hdBASW@venus.com', '95', '01/01/1999', '95'),
    ('jisFPZ@venus.com', '96', '01/01/1999', '96'),
    ('MEuSfN@venus.com', '97', '01/01/1999', '97'),
    ('xvSWGS@venus.com', '98', '01/01/1999', '98'),
    ('gSLZPw@venus.com', '99', '01/01/1999', '99'),
    ('WVAJbV@venus.com', '100', '01/01/1999', '100'),
    ('kzyFsJFpAy@venus.com', '101', '01/01/1999', '101'),
    ('UGsqUmMxyL@venus.com', '102', '01/01/1999', '102'),
    ('RrsDxmWuTH@venus.com', '103', '01/01/1999', '103'),
    ('aELETXNJtR@venus.com', '104', '01/01/1999', '104'),
    ('KlcMtYqmGR@venus.com', '105', '01/01/1999', '105'),
    ('TXiVuROdBd@venus.com', '106', '01/01/1999', '106'),
    ('hjsiLEEWXO@venus.com', '107', '01/01/1999', '107'),
    ('uABYdJzhsg@venus.com', '108', '01/01/1999', '108'),
    ('ShqyASndej@venus.com', '109', '01/01/1999', '109'),
    ('jwbyRHyyWd@venus.com', '110', '01/01/1999', '110'),
    ('kdozekcrti@venus.com', '111', '01/01/1999', '111'),
    ('qqYCCEiWqS@venus.com', '112', '01/01/1999', '112'),
    ('HixztYtiQG@venus.com', '113', '01/01/1999', '113'),
    ('yfmACpYsrc@venus.com', '114', '01/01/1999', '114'),
    ('AOuiIZjJNX@venus.com', '115', '01/01/1999', '115'),
    ('HGwnqKzwcT@venus.com', '116', '01/01/1999', '116'),
    ('rYpjmZNPsM@venus.com', '117', '01/01/1999', '117'),
    ('uhXRfONrLE@venus.com', '118', '01/01/1999', '118'),
    ('ovVTYwIjip@venus.com', '119', '01/01/1999', '119'),
    ('pLjXJSEcui@venus.com', '120', '01/01/1999', '120'),
    ('HYmPSfjNQw@venus.com', '121', '01/01/1999', '121'),
    ('EWUKBTRwuA@venus.com', '122', '01/01/1999', '122'),
    ('GGqwqDmovE@venus.com', '123', '01/01/1999', '123'),
    ('Soiguuvmgp@venus.com', '124', '01/01/1999', '124'),
    ('cxZFmkpRHR@venus.com', '125', '01/01/1999', '125'),
    ('iLLbwHJvZM@venus.com', '126', '01/01/1999', '126'),
    ('zuYbnuxMbD@venus.com', '127', '01/01/1999', '127'),
    ('zCzLxIpROs@venus.com', '128', '01/01/1999', '128'),
    ('RNbQNdvSpp@venus.com', '129', '01/01/1999', '129'),
    ('POSuGfbpXZ@venus.com', '130', '01/01/1999', '130'),
    ('ujTSGWCQNO@venus.com', '131', '01/01/1999', '131'),
    ('bHgCJCndUh@venus.com', '132', '01/01/1999', '132'),
    ('iUVFMmCNTA@venus.com', '133', '01/01/1999', '133'),
    ('OGixRIqfhu@venus.com', '134', '01/01/1999', '134'),
    ('DffWTPCDlG@venus.com', '135', '01/01/1999', '135'),
    ('GuncyrSAlU@venus.com', '136', '01/01/1999', '136'),
    ('aMNIHmcKHR@venus.com', '137', '01/01/1999', '137'),
    ('iaQbNuViLa@venus.com', '138', '01/01/1999', '138'),
    ('TJcpOIznEl@venus.com', '139', '01/01/1999', '139'),
    ('fxaNbZgJNx@venus.com', '140', '01/01/1999', '140'),
    ('ycaajqzlGQ@venus.com', '141', '01/01/1999', '141'),
    ('GMjbqpCmvL@venus.com', '142', '01/01/1999', '142'),
    ('FrxeCOuzIb@venus.com', '143', '01/01/1999', '143'),
    ('FCXeCMbzZy@venus.com', '144', '01/01/1999', '144'),
    ('IKKhKxlTvX@venus.com', '145', '01/01/1999', '145'),
    ('DsotpdQlYi@venus.com', '146', '01/01/1999', '146'),
    ('RQOIkqwZjO@venus.com', '147', '01/01/1999', '147'),
    ('BUsaNYQixZ@venus.com', '148', '01/01/1999', '148'),
    ('MpgFxRSwwS@venus.com', '149', '01/01/1999', '149'),
    ('YhdwdjIYcW@venus.com', '150', '01/01/1999', '150'),
    ('xKustFVQEK@venus.com', '151', '01/01/1999', '151'),
    ('lQJkYtDBjs@venus.com', '152', '01/01/1999', '152'),
    ('LgoimPSbiR@venus.com', '153', '01/01/1999', '153'),
    ('KIfBPDayBR@venus.com', '154', '01/01/1999', '154'),
    ('bruUZuXDJw@venus.com', '155', '01/01/1999', '155'),
    ('UJBFhvJVnj@venus.com', '156', '01/01/1999', '156'),
    ('oiGXcymHQE@venus.com', '157', '01/01/1999', '157'),
    ('bwYfmUhvmX@venus.com', '158', '01/01/1999', '158'),
    ('uLcAtTAUsN@venus.com', '159', '01/01/1999', '159'),
    ('vlYojFtdMy@venus.com', '160', '01/01/1999', '160'),
    ('PCqKPTNGVp@venus.com', '161', '01/01/1999', '161'),
    ('tXGUYjWYGM@venus.com', '162', '01/01/1999', '162'),
    ('NGMehQQvrG@venus.com', '163', '01/01/1999', '163'),
    ('ibNrbPFWwI@venus.com', '164', '01/01/1999', '164'),
    ('XJXKbepEpT@venus.com', '165', '01/01/1999', '165'),
    ('kJSFFpeygx@venus.com', '166', '01/01/1999', '166'),
    ('ayCGQLdNpX@venus.com', '167', '01/01/1999', '167'),
    ('GMBaaZuJLJ@venus.com', '168', '01/01/1999', '168'),
    ('yWmBHylLWq@venus.com', '169', '01/01/1999', '169'),
    ('OwkqeFqFug@venus.com', '170', '01/01/1999', '170'),
    ('dUkpQwhVGi@venus.com', '171', '01/01/1999', '171'),
    ('WoBMrffPrE@venus.com', '172', '01/01/1999', '172'),
    ('pSTXXrymWU@venus.com', '173', '01/01/1999', '173'),
    ('ANdSvmHdhY@venus.com', '174', '01/01/1999', '174'),
    ('CfCPfBClOK@venus.com', '175', '01/01/1999', '175'),
    ('gfXOWAaBiY@venus.com', '176', '01/01/1999', '176'),
    ('dGDWcVWBDd@venus.com', '177', '01/01/1999', '177'),
    ('ZbEzGraFNx@venus.com', '178', '01/01/1999', '178'),
    ('ZkWXpIUVyU@venus.com', '179', '01/01/1999', '179'),
    ('WKXqCxZyYP@venus.com', '180', '01/01/1999', '180'),
    ('HLDwGWzJVI@venus.com', '181', '01/01/1999', '181'),
    ('gWKbdhbxnB@venus.com', '182', '01/01/1999', '182'),
    ('TmEyTTKvZs@venus.com', '183', '01/01/1999', '183'),
    ('NamJHjtiAu@venus.com', '184', '01/01/1999', '184'),
    ('ZOgomJumne@venus.com', '185', '01/01/1999', '185'),
    ('SYelBSbVnc@venus.com', '186', '01/01/1999', '186'),
    ('ciEOcdopWx@venus.com', '187', '01/01/1999', '187'),
    ('pVNUgdvHlj@venus.com', '188', '01/01/1999', '188'),
    ('JwyoHCfrJw@venus.com', '189', '01/01/1999', '189'),
    ('LTKJLDoGiF@venus.com', '190', '01/01/1999', '190'),
    ('dQPYuGSbwW@venus.com', '191', '01/01/1999', '191'),
    ('ZrsCalaunu@venus.com', '192', '01/01/1999', '192'),
    ('CHVesJBbHD@venus.com', '193', '01/01/1999', '193'),
    ('ovGDiSqjkO@venus.com', '194', '01/01/1999', '194'),
    ('GbJHwuNlXd@venus.com', '195', '01/01/1999', '195'),
    ('pedhWdNFpa@venus.com', '196', '01/01/1999', '196'),
    ('EHmgXVKiip@venus.com', '197', '01/01/1999', '197'),
    ('czuvoeBbsc@venus.com', '198', '01/01/1999', '198'),
    ('jgVzofVxRZ@venus.com', '199', '01/01/1999', '199'),
    ('anZWrdHDCq@venus.com', '200', '01/01/1999', '200');