-- First User admin/pass
-- database root/pass
INSERT INTO users (username, password, enabled) values
    ('admin@venus.com', '$2a$10$8.UnVuG9HHgffUDAlk8qfOuVGkqRzgVymGe07xd00DMxs.AQubh4a',1),
    ('paulaguilar@venus.com', '$2a$10$8.UnVuG9HHgffUDAlk8qfOuVGkqRzgVymGe07xd00DMxs.AQubh4a',1),
    ('jonoliver@venus.com', '$2a$10$8.UnVuG9HHgffUDAlk8qfOuVGkqRzgVymGe07xd00DMxs.AQubh4a',1),
    ('claudinezhang@venus.com', '$2a$10$8.UnVuG9HHgffUDAlk8qfOuVGkqRzgVymGe07xd00DMxs.AQubh4a',1),
    ('lovelinkumar@venus.com', '$2a$10$8.UnVuG9HHgffUDAlk8qfOuVGkqRzgVymGe07xd00DMxs.AQubh4a',1),
    ('michelkouame@venus.com', '$2a$10$8.UnVuG9HHgffUDAlk8qfOuVGkqRzgVymGe07xd00DMxs.AQubh4a',1),
    ('angelinacosta@venus.com', '$2a$10$8.UnVuG9HHgffUDAlk8qfOuVGkqRzgVymGe07xd00DMxs.AQubh4a',1),
    ('brijeshgupta@venus.com', '$2a$10$8.UnVuG9HHgffUDAlk8qfOuVGkqRzgVymGe07xd00DMxs.AQubh4a',1),
    ('amyfofana@venus.com', '$2a$10$8.UnVuG9HHgffUDAlk8qfOuVGkqRzgVymGe07xd00DMxs.AQubh4a',1),
    ('testuser@venus.com', '$2a$10$8.UnVuG9HHgffUDAlk8qfOuVGkqRzgVymGe07xd00DMxs.AQubh4a', 1),
    ('CczVsH@venus.com', '$2a$10$8.UnVuG9HHgffUDAlk8qfOuVGkqRzgVymGe07xd00DMxs.AQubh4a',1),
    ('taHbqH@venus.com', '$2a$10$8.UnVuG9HHgffUDAlk8qfOuVGkqRzgVymGe07xd00DMxs.AQubh4a',1),
    ('RKfCnW@venus.com', '$2a$10$8.UnVuG9HHgffUDAlk8qfOuVGkqRzgVymGe07xd00DMxs.AQubh4a',1),
    ('BAKyTt@venus.com', '$2a$10$8.UnVuG9HHgffUDAlk8qfOuVGkqRzgVymGe07xd00DMxs.AQubh4a',1),
    ('LqHwZl@venus.com', '$2a$10$8.UnVuG9HHgffUDAlk8qfOuVGkqRzgVymGe07xd00DMxs.AQubh4a',1),
    ('RdXrFh@venus.com', '$2a$10$8.UnVuG9HHgffUDAlk8qfOuVGkqRzgVymGe07xd00DMxs.AQubh4a',1),
    ('cNLaqh@venus.com', '$2a$10$8.UnVuG9HHgffUDAlk8qfOuVGkqRzgVymGe07xd00DMxs.AQubh4a',1),
    ('dTXgbH@venus.com', '$2a$10$8.UnVuG9HHgffUDAlk8qfOuVGkqRzgVymGe07xd00DMxs.AQubh4a',1),
    ('BuNihp@venus.com', '$2a$10$8.UnVuG9HHgffUDAlk8qfOuVGkqRzgVymGe07xd00DMxs.AQubh4a',1),
    ('BsxpAT@venus.com', '$2a$10$8.UnVuG9HHgffUDAlk8qfOuVGkqRzgVymGe07xd00DMxs.AQubh4a',1),
    ('uBqDfq@venus.com', '$2a$10$8.UnVuG9HHgffUDAlk8qfOuVGkqRzgVymGe07xd00DMxs.AQubh4a',1),
    ('rDtlkX@venus.com', '$2a$10$8.UnVuG9HHgffUDAlk8qfOuVGkqRzgVymGe07xd00DMxs.AQubh4a',1),
    ('tCYSiY@venus.com', '$2a$10$8.UnVuG9HHgffUDAlk8qfOuVGkqRzgVymGe07xd00DMxs.AQubh4a',1),
    ('CDaxNR@venus.com', '$2a$10$8.UnVuG9HHgffUDAlk8qfOuVGkqRzgVymGe07xd00DMxs.AQubh4a',1),
    ('FhMzbH@venus.com', '$2a$10$8.UnVuG9HHgffUDAlk8qfOuVGkqRzgVymGe07xd00DMxs.AQubh4a',1),
    ('nqjDJe@venus.com', '$2a$10$8.UnVuG9HHgffUDAlk8qfOuVGkqRzgVymGe07xd00DMxs.AQubh4a',1),
    ('fcUEfX@venus.com', '$2a$10$8.UnVuG9HHgffUDAlk8qfOuVGkqRzgVymGe07xd00DMxs.AQubh4a',1),
    ('KGtRGD@venus.com', '$2a$10$8.UnVuG9HHgffUDAlk8qfOuVGkqRzgVymGe07xd00DMxs.AQubh4a',1),
    ('AHvFHP@venus.com', '$2a$10$8.UnVuG9HHgffUDAlk8qfOuVGkqRzgVymGe07xd00DMxs.AQubh4a',1),
    ('POWkne@venus.com', '$2a$10$8.UnVuG9HHgffUDAlk8qfOuVGkqRzgVymGe07xd00DMxs.AQubh4a',1),
    ('rypAba@venus.com', '$2a$10$8.UnVuG9HHgffUDAlk8qfOuVGkqRzgVymGe07xd00DMxs.AQubh4a',1),
    ('tuRaYv@venus.com', '$2a$10$8.UnVuG9HHgffUDAlk8qfOuVGkqRzgVymGe07xd00DMxs.AQubh4a',1),
    ('OyLQkY@venus.com', '$2a$10$8.UnVuG9HHgffUDAlk8qfOuVGkqRzgVymGe07xd00DMxs.AQubh4a',1),
    ('glNUJz@venus.com', '$2a$10$8.UnVuG9HHgffUDAlk8qfOuVGkqRzgVymGe07xd00DMxs.AQubh4a',1),
    ('pUzdXk@venus.com', '$2a$10$8.UnVuG9HHgffUDAlk8qfOuVGkqRzgVymGe07xd00DMxs.AQubh4a',1),
    ('HikunH@venus.com', '$2a$10$8.UnVuG9HHgffUDAlk8qfOuVGkqRzgVymGe07xd00DMxs.AQubh4a',1),
    ('BqKiDW@venus.com', '$2a$10$8.UnVuG9HHgffUDAlk8qfOuVGkqRzgVymGe07xd00DMxs.AQubh4a',1),
    ('CtWzFe@venus.com', '$2a$10$8.UnVuG9HHgffUDAlk8qfOuVGkqRzgVymGe07xd00DMxs.AQubh4a',1),
    ('ZUepGq@venus.com', '$2a$10$8.UnVuG9HHgffUDAlk8qfOuVGkqRzgVymGe07xd00DMxs.AQubh4a',1),
    ('ntnGgu@venus.com', '$2a$10$8.UnVuG9HHgffUDAlk8qfOuVGkqRzgVymGe07xd00DMxs.AQubh4a',1),
    ('vxKmLI@venus.com', '$2a$10$8.UnVuG9HHgffUDAlk8qfOuVGkqRzgVymGe07xd00DMxs.AQubh4a',1),
    ('wQnTBU@venus.com', '$2a$10$8.UnVuG9HHgffUDAlk8qfOuVGkqRzgVymGe07xd00DMxs.AQubh4a',1),
    ('XaSwJh@venus.com', '$2a$10$8.UnVuG9HHgffUDAlk8qfOuVGkqRzgVymGe07xd00DMxs.AQubh4a',1),
    ('HWcuAJ@venus.com', '$2a$10$8.UnVuG9HHgffUDAlk8qfOuVGkqRzgVymGe07xd00DMxs.AQubh4a',1),
    ('pZXaQw@venus.com', '$2a$10$8.UnVuG9HHgffUDAlk8qfOuVGkqRzgVymGe07xd00DMxs.AQubh4a',1),
    ('WMxPaZ@venus.com', '$2a$10$8.UnVuG9HHgffUDAlk8qfOuVGkqRzgVymGe07xd00DMxs.AQubh4a',1),
    ('XGtrUX@venus.com', '$2a$10$8.UnVuG9HHgffUDAlk8qfOuVGkqRzgVymGe07xd00DMxs.AQubh4a',1),
    ('qOLBgd@venus.com', '$2a$10$8.UnVuG9HHgffUDAlk8qfOuVGkqRzgVymGe07xd00DMxs.AQubh4a',1),
    ('QscQFR@venus.com', '$2a$10$8.UnVuG9HHgffUDAlk8qfOuVGkqRzgVymGe07xd00DMxs.AQubh4a',1),
    ('RnKyfH@venus.com', '$2a$10$8.UnVuG9HHgffUDAlk8qfOuVGkqRzgVymGe07xd00DMxs.AQubh4a',1),
    ('ukRqwP@venus.com', '$2a$10$8.UnVuG9HHgffUDAlk8qfOuVGkqRzgVymGe07xd00DMxs.AQubh4a',1),
    ('vPZFDF@venus.com', '$2a$10$8.UnVuG9HHgffUDAlk8qfOuVGkqRzgVymGe07xd00DMxs.AQubh4a',1),
    ('kfVvll@venus.com', '$2a$10$8.UnVuG9HHgffUDAlk8qfOuVGkqRzgVymGe07xd00DMxs.AQubh4a',1),
    ('VzLEFl@venus.com', '$2a$10$8.UnVuG9HHgffUDAlk8qfOuVGkqRzgVymGe07xd00DMxs.AQubh4a',1),
    ('LeaGCA@venus.com', '$2a$10$8.UnVuG9HHgffUDAlk8qfOuVGkqRzgVymGe07xd00DMxs.AQubh4a',1),
    ('GrvVsS@venus.com', '$2a$10$8.UnVuG9HHgffUDAlk8qfOuVGkqRzgVymGe07xd00DMxs.AQubh4a',1),
    ('pGdDSi@venus.com', '$2a$10$8.UnVuG9HHgffUDAlk8qfOuVGkqRzgVymGe07xd00DMxs.AQubh4a',1),
    ('TxToaI@venus.com', '$2a$10$8.UnVuG9HHgffUDAlk8qfOuVGkqRzgVymGe07xd00DMxs.AQubh4a',1),
    ('XoJbYb@venus.com', '$2a$10$8.UnVuG9HHgffUDAlk8qfOuVGkqRzgVymGe07xd00DMxs.AQubh4a',1),
    ('CxQTYr@venus.com', '$2a$10$8.UnVuG9HHgffUDAlk8qfOuVGkqRzgVymGe07xd00DMxs.AQubh4a',1),
    ('nidGlQ@venus.com', '$2a$10$8.UnVuG9HHgffUDAlk8qfOuVGkqRzgVymGe07xd00DMxs.AQubh4a',1),
    ('YmCtss@venus.com', '$2a$10$8.UnVuG9HHgffUDAlk8qfOuVGkqRzgVymGe07xd00DMxs.AQubh4a',1),
    ('rFfQCK@venus.com', '$2a$10$8.UnVuG9HHgffUDAlk8qfOuVGkqRzgVymGe07xd00DMxs.AQubh4a',1),
    ('NXelAz@venus.com', '$2a$10$8.UnVuG9HHgffUDAlk8qfOuVGkqRzgVymGe07xd00DMxs.AQubh4a',1),
    ('lpRGNA@venus.com', '$2a$10$8.UnVuG9HHgffUDAlk8qfOuVGkqRzgVymGe07xd00DMxs.AQubh4a',1),
    ('qyypCg@venus.com', '$2a$10$8.UnVuG9HHgffUDAlk8qfOuVGkqRzgVymGe07xd00DMxs.AQubh4a',1),
    ('hqNNGW@venus.com', '$2a$10$8.UnVuG9HHgffUDAlk8qfOuVGkqRzgVymGe07xd00DMxs.AQubh4a',1),
    ('bQJSqV@venus.com', '$2a$10$8.UnVuG9HHgffUDAlk8qfOuVGkqRzgVymGe07xd00DMxs.AQubh4a',1),
    ('XDwsDb@venus.com', '$2a$10$8.UnVuG9HHgffUDAlk8qfOuVGkqRzgVymGe07xd00DMxs.AQubh4a',1),
    ('ZKNlUJ@venus.com', '$2a$10$8.UnVuG9HHgffUDAlk8qfOuVGkqRzgVymGe07xd00DMxs.AQubh4a',1),
    ('lbFIQK@venus.com', '$2a$10$8.UnVuG9HHgffUDAlk8qfOuVGkqRzgVymGe07xd00DMxs.AQubh4a',1),
    ('rlUcZn@venus.com', '$2a$10$8.UnVuG9HHgffUDAlk8qfOuVGkqRzgVymGe07xd00DMxs.AQubh4a',1),
    ('IIuqSn@venus.com', '$2a$10$8.UnVuG9HHgffUDAlk8qfOuVGkqRzgVymGe07xd00DMxs.AQubh4a',1),
    ('zGbwHO@venus.com', '$2a$10$8.UnVuG9HHgffUDAlk8qfOuVGkqRzgVymGe07xd00DMxs.AQubh4a',1),
    ('UvqeWn@venus.com', '$2a$10$8.UnVuG9HHgffUDAlk8qfOuVGkqRzgVymGe07xd00DMxs.AQubh4a',1),
    ('sDSWKD@venus.com', '$2a$10$8.UnVuG9HHgffUDAlk8qfOuVGkqRzgVymGe07xd00DMxs.AQubh4a',1),
    ('PQDjCX@venus.com', '$2a$10$8.UnVuG9HHgffUDAlk8qfOuVGkqRzgVymGe07xd00DMxs.AQubh4a',1),
    ('TsYnYJ@venus.com', '$2a$10$8.UnVuG9HHgffUDAlk8qfOuVGkqRzgVymGe07xd00DMxs.AQubh4a',1),
    ('YvzOPa@venus.com', '$2a$10$8.UnVuG9HHgffUDAlk8qfOuVGkqRzgVymGe07xd00DMxs.AQubh4a',1),
    ('feVIqn@venus.com', '$2a$10$8.UnVuG9HHgffUDAlk8qfOuVGkqRzgVymGe07xd00DMxs.AQubh4a',1),
    ('ZclZxl@venus.com', '$2a$10$8.UnVuG9HHgffUDAlk8qfOuVGkqRzgVymGe07xd00DMxs.AQubh4a',1),
    ('nPBnot@venus.com', '$2a$10$8.UnVuG9HHgffUDAlk8qfOuVGkqRzgVymGe07xd00DMxs.AQubh4a',1),
    ('AzhOiq@venus.com', '$2a$10$8.UnVuG9HHgffUDAlk8qfOuVGkqRzgVymGe07xd00DMxs.AQubh4a',1),
    ('ZLIUMk@venus.com', '$2a$10$8.UnVuG9HHgffUDAlk8qfOuVGkqRzgVymGe07xd00DMxs.AQubh4a',1),
    ('isCAnE@venus.com', '$2a$10$8.UnVuG9HHgffUDAlk8qfOuVGkqRzgVymGe07xd00DMxs.AQubh4a',1),
    ('KWQNif@venus.com', '$2a$10$8.UnVuG9HHgffUDAlk8qfOuVGkqRzgVymGe07xd00DMxs.AQubh4a',1),
    ('IrXoCo@venus.com', '$2a$10$8.UnVuG9HHgffUDAlk8qfOuVGkqRzgVymGe07xd00DMxs.AQubh4a',1),
    ('Qyujkk@venus.com', '$2a$10$8.UnVuG9HHgffUDAlk8qfOuVGkqRzgVymGe07xd00DMxs.AQubh4a',1),
    ('dEMvzP@venus.com', '$2a$10$8.UnVuG9HHgffUDAlk8qfOuVGkqRzgVymGe07xd00DMxs.AQubh4a',1),
    ('pfPYmV@venus.com', '$2a$10$8.UnVuG9HHgffUDAlk8qfOuVGkqRzgVymGe07xd00DMxs.AQubh4a',1),
    ('HvYtPe@venus.com', '$2a$10$8.UnVuG9HHgffUDAlk8qfOuVGkqRzgVymGe07xd00DMxs.AQubh4a',1),
    ('DNkLjB@venus.com', '$2a$10$8.UnVuG9HHgffUDAlk8qfOuVGkqRzgVymGe07xd00DMxs.AQubh4a',1),
    ('aGoLLn@venus.com', '$2a$10$8.UnVuG9HHgffUDAlk8qfOuVGkqRzgVymGe07xd00DMxs.AQubh4a',1),
    ('ADMTQx@venus.com', '$2a$10$8.UnVuG9HHgffUDAlk8qfOuVGkqRzgVymGe07xd00DMxs.AQubh4a',1),
    ('hdBASW@venus.com', '$2a$10$8.UnVuG9HHgffUDAlk8qfOuVGkqRzgVymGe07xd00DMxs.AQubh4a',1),
    ('jisFPZ@venus.com', '$2a$10$8.UnVuG9HHgffUDAlk8qfOuVGkqRzgVymGe07xd00DMxs.AQubh4a',1),
    ('MEuSfN@venus.com', '$2a$10$8.UnVuG9HHgffUDAlk8qfOuVGkqRzgVymGe07xd00DMxs.AQubh4a',1),
    ('xvSWGS@venus.com', '$2a$10$8.UnVuG9HHgffUDAlk8qfOuVGkqRzgVymGe07xd00DMxs.AQubh4a',1),
    ('gSLZPw@venus.com', '$2a$10$8.UnVuG9HHgffUDAlk8qfOuVGkqRzgVymGe07xd00DMxs.AQubh4a',1),
    ('WVAJbV@venus.com', '$2a$10$8.UnVuG9HHgffUDAlk8qfOuVGkqRzgVymGe07xd00DMxs.AQubh4a',1),
    ('kzyFsJFpAy@venus.com', '$2a$10$8.UnVuG9HHgffUDAlk8qfOuVGkqRzgVymGe07xd00DMxs.AQubh4a',1),
    ('UGsqUmMxyL@venus.com', '$2a$10$8.UnVuG9HHgffUDAlk8qfOuVGkqRzgVymGe07xd00DMxs.AQubh4a',1),
    ('RrsDxmWuTH@venus.com', '$2a$10$8.UnVuG9HHgffUDAlk8qfOuVGkqRzgVymGe07xd00DMxs.AQubh4a',1),
    ('aELETXNJtR@venus.com', '$2a$10$8.UnVuG9HHgffUDAlk8qfOuVGkqRzgVymGe07xd00DMxs.AQubh4a',1),
    ('KlcMtYqmGR@venus.com', '$2a$10$8.UnVuG9HHgffUDAlk8qfOuVGkqRzgVymGe07xd00DMxs.AQubh4a',1),
    ('TXiVuROdBd@venus.com', '$2a$10$8.UnVuG9HHgffUDAlk8qfOuVGkqRzgVymGe07xd00DMxs.AQubh4a',1),
    ('hjsiLEEWXO@venus.com', '$2a$10$8.UnVuG9HHgffUDAlk8qfOuVGkqRzgVymGe07xd00DMxs.AQubh4a',1),
    ('uABYdJzhsg@venus.com', '$2a$10$8.UnVuG9HHgffUDAlk8qfOuVGkqRzgVymGe07xd00DMxs.AQubh4a',1),
    ('ShqyASndej@venus.com', '$2a$10$8.UnVuG9HHgffUDAlk8qfOuVGkqRzgVymGe07xd00DMxs.AQubh4a',1),
    ('jwbyRHyyWd@venus.com', '$2a$10$8.UnVuG9HHgffUDAlk8qfOuVGkqRzgVymGe07xd00DMxs.AQubh4a',1),
    ('kdozekcrti@venus.com', '$2a$10$8.UnVuG9HHgffUDAlk8qfOuVGkqRzgVymGe07xd00DMxs.AQubh4a',1),
    ('qqYCCEiWqS@venus.com', '$2a$10$8.UnVuG9HHgffUDAlk8qfOuVGkqRzgVymGe07xd00DMxs.AQubh4a',1),
    ('HixztYtiQG@venus.com', '$2a$10$8.UnVuG9HHgffUDAlk8qfOuVGkqRzgVymGe07xd00DMxs.AQubh4a',1),
    ('yfmACpYsrc@venus.com', '$2a$10$8.UnVuG9HHgffUDAlk8qfOuVGkqRzgVymGe07xd00DMxs.AQubh4a',1),
    ('AOuiIZjJNX@venus.com', '$2a$10$8.UnVuG9HHgffUDAlk8qfOuVGkqRzgVymGe07xd00DMxs.AQubh4a',1),
    ('HGwnqKzwcT@venus.com', '$2a$10$8.UnVuG9HHgffUDAlk8qfOuVGkqRzgVymGe07xd00DMxs.AQubh4a',1),
    ('rYpjmZNPsM@venus.com', '$2a$10$8.UnVuG9HHgffUDAlk8qfOuVGkqRzgVymGe07xd00DMxs.AQubh4a',1),
    ('uhXRfONrLE@venus.com', '$2a$10$8.UnVuG9HHgffUDAlk8qfOuVGkqRzgVymGe07xd00DMxs.AQubh4a',1),
    ('ovVTYwIjip@venus.com', '$2a$10$8.UnVuG9HHgffUDAlk8qfOuVGkqRzgVymGe07xd00DMxs.AQubh4a',1),
    ('pLjXJSEcui@venus.com', '$2a$10$8.UnVuG9HHgffUDAlk8qfOuVGkqRzgVymGe07xd00DMxs.AQubh4a',1),
    ('HYmPSfjNQw@venus.com', '$2a$10$8.UnVuG9HHgffUDAlk8qfOuVGkqRzgVymGe07xd00DMxs.AQubh4a',1),
    ('EWUKBTRwuA@venus.com', '$2a$10$8.UnVuG9HHgffUDAlk8qfOuVGkqRzgVymGe07xd00DMxs.AQubh4a',1),
    ('GGqwqDmovE@venus.com', '$2a$10$8.UnVuG9HHgffUDAlk8qfOuVGkqRzgVymGe07xd00DMxs.AQubh4a',1),
    ('Soiguuvmgp@venus.com', '$2a$10$8.UnVuG9HHgffUDAlk8qfOuVGkqRzgVymGe07xd00DMxs.AQubh4a',1),
    ('cxZFmkpRHR@venus.com', '$2a$10$8.UnVuG9HHgffUDAlk8qfOuVGkqRzgVymGe07xd00DMxs.AQubh4a',1),
    ('iLLbwHJvZM@venus.com', '$2a$10$8.UnVuG9HHgffUDAlk8qfOuVGkqRzgVymGe07xd00DMxs.AQubh4a',1),
    ('zuYbnuxMbD@venus.com', '$2a$10$8.UnVuG9HHgffUDAlk8qfOuVGkqRzgVymGe07xd00DMxs.AQubh4a',1),
    ('zCzLxIpROs@venus.com', '$2a$10$8.UnVuG9HHgffUDAlk8qfOuVGkqRzgVymGe07xd00DMxs.AQubh4a',1),
    ('RNbQNdvSpp@venus.com', '$2a$10$8.UnVuG9HHgffUDAlk8qfOuVGkqRzgVymGe07xd00DMxs.AQubh4a',1),
    ('POSuGfbpXZ@venus.com', '$2a$10$8.UnVuG9HHgffUDAlk8qfOuVGkqRzgVymGe07xd00DMxs.AQubh4a',1),
    ('ujTSGWCQNO@venus.com', '$2a$10$8.UnVuG9HHgffUDAlk8qfOuVGkqRzgVymGe07xd00DMxs.AQubh4a',1),
    ('bHgCJCndUh@venus.com', '$2a$10$8.UnVuG9HHgffUDAlk8qfOuVGkqRzgVymGe07xd00DMxs.AQubh4a',1),
    ('iUVFMmCNTA@venus.com', '$2a$10$8.UnVuG9HHgffUDAlk8qfOuVGkqRzgVymGe07xd00DMxs.AQubh4a',1),
    ('OGixRIqfhu@venus.com', '$2a$10$8.UnVuG9HHgffUDAlk8qfOuVGkqRzgVymGe07xd00DMxs.AQubh4a',1),
    ('DffWTPCDlG@venus.com', '$2a$10$8.UnVuG9HHgffUDAlk8qfOuVGkqRzgVymGe07xd00DMxs.AQubh4a',1),
    ('GuncyrSAlU@venus.com', '$2a$10$8.UnVuG9HHgffUDAlk8qfOuVGkqRzgVymGe07xd00DMxs.AQubh4a',1),
    ('aMNIHmcKHR@venus.com', '$2a$10$8.UnVuG9HHgffUDAlk8qfOuVGkqRzgVymGe07xd00DMxs.AQubh4a',1),
    ('iaQbNuViLa@venus.com', '$2a$10$8.UnVuG9HHgffUDAlk8qfOuVGkqRzgVymGe07xd00DMxs.AQubh4a',1),
    ('TJcpOIznEl@venus.com', '$2a$10$8.UnVuG9HHgffUDAlk8qfOuVGkqRzgVymGe07xd00DMxs.AQubh4a',1),
    ('fxaNbZgJNx@venus.com', '$2a$10$8.UnVuG9HHgffUDAlk8qfOuVGkqRzgVymGe07xd00DMxs.AQubh4a',1),
    ('ycaajqzlGQ@venus.com', '$2a$10$8.UnVuG9HHgffUDAlk8qfOuVGkqRzgVymGe07xd00DMxs.AQubh4a',1),
    ('GMjbqpCmvL@venus.com', '$2a$10$8.UnVuG9HHgffUDAlk8qfOuVGkqRzgVymGe07xd00DMxs.AQubh4a',1),
    ('FrxeCOuzIb@venus.com', '$2a$10$8.UnVuG9HHgffUDAlk8qfOuVGkqRzgVymGe07xd00DMxs.AQubh4a',1),
    ('FCXeCMbzZy@venus.com', '$2a$10$8.UnVuG9HHgffUDAlk8qfOuVGkqRzgVymGe07xd00DMxs.AQubh4a',1),
    ('IKKhKxlTvX@venus.com', '$2a$10$8.UnVuG9HHgffUDAlk8qfOuVGkqRzgVymGe07xd00DMxs.AQubh4a',1),
    ('DsotpdQlYi@venus.com', '$2a$10$8.UnVuG9HHgffUDAlk8qfOuVGkqRzgVymGe07xd00DMxs.AQubh4a',1),
    ('RQOIkqwZjO@venus.com', '$2a$10$8.UnVuG9HHgffUDAlk8qfOuVGkqRzgVymGe07xd00DMxs.AQubh4a',1),
    ('BUsaNYQixZ@venus.com', '$2a$10$8.UnVuG9HHgffUDAlk8qfOuVGkqRzgVymGe07xd00DMxs.AQubh4a',1),
    ('MpgFxRSwwS@venus.com', '$2a$10$8.UnVuG9HHgffUDAlk8qfOuVGkqRzgVymGe07xd00DMxs.AQubh4a',1),
    ('YhdwdjIYcW@venus.com', '$2a$10$8.UnVuG9HHgffUDAlk8qfOuVGkqRzgVymGe07xd00DMxs.AQubh4a',1),
    ('xKustFVQEK@venus.com', '$2a$10$8.UnVuG9HHgffUDAlk8qfOuVGkqRzgVymGe07xd00DMxs.AQubh4a',1),
    ('lQJkYtDBjs@venus.com', '$2a$10$8.UnVuG9HHgffUDAlk8qfOuVGkqRzgVymGe07xd00DMxs.AQubh4a',1),
    ('LgoimPSbiR@venus.com', '$2a$10$8.UnVuG9HHgffUDAlk8qfOuVGkqRzgVymGe07xd00DMxs.AQubh4a',1),
    ('KIfBPDayBR@venus.com', '$2a$10$8.UnVuG9HHgffUDAlk8qfOuVGkqRzgVymGe07xd00DMxs.AQubh4a',1),
    ('bruUZuXDJw@venus.com', '$2a$10$8.UnVuG9HHgffUDAlk8qfOuVGkqRzgVymGe07xd00DMxs.AQubh4a',1),
    ('UJBFhvJVnj@venus.com', '$2a$10$8.UnVuG9HHgffUDAlk8qfOuVGkqRzgVymGe07xd00DMxs.AQubh4a',1),
    ('oiGXcymHQE@venus.com', '$2a$10$8.UnVuG9HHgffUDAlk8qfOuVGkqRzgVymGe07xd00DMxs.AQubh4a',1),
    ('bwYfmUhvmX@venus.com', '$2a$10$8.UnVuG9HHgffUDAlk8qfOuVGkqRzgVymGe07xd00DMxs.AQubh4a',1),
    ('uLcAtTAUsN@venus.com', '$2a$10$8.UnVuG9HHgffUDAlk8qfOuVGkqRzgVymGe07xd00DMxs.AQubh4a',1),
    ('vlYojFtdMy@venus.com', '$2a$10$8.UnVuG9HHgffUDAlk8qfOuVGkqRzgVymGe07xd00DMxs.AQubh4a',1),
    ('PCqKPTNGVp@venus.com', '$2a$10$8.UnVuG9HHgffUDAlk8qfOuVGkqRzgVymGe07xd00DMxs.AQubh4a',1),
    ('tXGUYjWYGM@venus.com', '$2a$10$8.UnVuG9HHgffUDAlk8qfOuVGkqRzgVymGe07xd00DMxs.AQubh4a',1),
    ('NGMehQQvrG@venus.com', '$2a$10$8.UnVuG9HHgffUDAlk8qfOuVGkqRzgVymGe07xd00DMxs.AQubh4a',1),
    ('ibNrbPFWwI@venus.com', '$2a$10$8.UnVuG9HHgffUDAlk8qfOuVGkqRzgVymGe07xd00DMxs.AQubh4a',1),
    ('XJXKbepEpT@venus.com', '$2a$10$8.UnVuG9HHgffUDAlk8qfOuVGkqRzgVymGe07xd00DMxs.AQubh4a',1),
    ('kJSFFpeygx@venus.com', '$2a$10$8.UnVuG9HHgffUDAlk8qfOuVGkqRzgVymGe07xd00DMxs.AQubh4a',1),
    ('ayCGQLdNpX@venus.com', '$2a$10$8.UnVuG9HHgffUDAlk8qfOuVGkqRzgVymGe07xd00DMxs.AQubh4a',1),
    ('GMBaaZuJLJ@venus.com', '$2a$10$8.UnVuG9HHgffUDAlk8qfOuVGkqRzgVymGe07xd00DMxs.AQubh4a',1),
    ('yWmBHylLWq@venus.com', '$2a$10$8.UnVuG9HHgffUDAlk8qfOuVGkqRzgVymGe07xd00DMxs.AQubh4a',1),
    ('OwkqeFqFug@venus.com', '$2a$10$8.UnVuG9HHgffUDAlk8qfOuVGkqRzgVymGe07xd00DMxs.AQubh4a',1),
    ('dUkpQwhVGi@venus.com', '$2a$10$8.UnVuG9HHgffUDAlk8qfOuVGkqRzgVymGe07xd00DMxs.AQubh4a',1),
    ('WoBMrffPrE@venus.com', '$2a$10$8.UnVuG9HHgffUDAlk8qfOuVGkqRzgVymGe07xd00DMxs.AQubh4a',1),
    ('pSTXXrymWU@venus.com', '$2a$10$8.UnVuG9HHgffUDAlk8qfOuVGkqRzgVymGe07xd00DMxs.AQubh4a',1),
    ('ANdSvmHdhY@venus.com', '$2a$10$8.UnVuG9HHgffUDAlk8qfOuVGkqRzgVymGe07xd00DMxs.AQubh4a',1),
    ('CfCPfBClOK@venus.com', '$2a$10$8.UnVuG9HHgffUDAlk8qfOuVGkqRzgVymGe07xd00DMxs.AQubh4a',1),
    ('gfXOWAaBiY@venus.com', '$2a$10$8.UnVuG9HHgffUDAlk8qfOuVGkqRzgVymGe07xd00DMxs.AQubh4a',1),
    ('dGDWcVWBDd@venus.com', '$2a$10$8.UnVuG9HHgffUDAlk8qfOuVGkqRzgVymGe07xd00DMxs.AQubh4a',1),
    ('ZbEzGraFNx@venus.com', '$2a$10$8.UnVuG9HHgffUDAlk8qfOuVGkqRzgVymGe07xd00DMxs.AQubh4a',1),
    ('ZkWXpIUVyU@venus.com', '$2a$10$8.UnVuG9HHgffUDAlk8qfOuVGkqRzgVymGe07xd00DMxs.AQubh4a',1),
    ('WKXqCxZyYP@venus.com', '$2a$10$8.UnVuG9HHgffUDAlk8qfOuVGkqRzgVymGe07xd00DMxs.AQubh4a',1),
    ('HLDwGWzJVI@venus.com', '$2a$10$8.UnVuG9HHgffUDAlk8qfOuVGkqRzgVymGe07xd00DMxs.AQubh4a',1),
    ('gWKbdhbxnB@venus.com', '$2a$10$8.UnVuG9HHgffUDAlk8qfOuVGkqRzgVymGe07xd00DMxs.AQubh4a',1),
    ('TmEyTTKvZs@venus.com', '$2a$10$8.UnVuG9HHgffUDAlk8qfOuVGkqRzgVymGe07xd00DMxs.AQubh4a',1),
    ('NamJHjtiAu@venus.com', '$2a$10$8.UnVuG9HHgffUDAlk8qfOuVGkqRzgVymGe07xd00DMxs.AQubh4a',1),
    ('ZOgomJumne@venus.com', '$2a$10$8.UnVuG9HHgffUDAlk8qfOuVGkqRzgVymGe07xd00DMxs.AQubh4a',1),
    ('SYelBSbVnc@venus.com', '$2a$10$8.UnVuG9HHgffUDAlk8qfOuVGkqRzgVymGe07xd00DMxs.AQubh4a',1),
    ('ciEOcdopWx@venus.com', '$2a$10$8.UnVuG9HHgffUDAlk8qfOuVGkqRzgVymGe07xd00DMxs.AQubh4a',1),
    ('pVNUgdvHlj@venus.com', '$2a$10$8.UnVuG9HHgffUDAlk8qfOuVGkqRzgVymGe07xd00DMxs.AQubh4a',1),
    ('JwyoHCfrJw@venus.com', '$2a$10$8.UnVuG9HHgffUDAlk8qfOuVGkqRzgVymGe07xd00DMxs.AQubh4a',1),
    ('LTKJLDoGiF@venus.com', '$2a$10$8.UnVuG9HHgffUDAlk8qfOuVGkqRzgVymGe07xd00DMxs.AQubh4a',1),
    ('dQPYuGSbwW@venus.com', '$2a$10$8.UnVuG9HHgffUDAlk8qfOuVGkqRzgVymGe07xd00DMxs.AQubh4a',1),
    ('ZrsCalaunu@venus.com', '$2a$10$8.UnVuG9HHgffUDAlk8qfOuVGkqRzgVymGe07xd00DMxs.AQubh4a',1),
    ('CHVesJBbHD@venus.com', '$2a$10$8.UnVuG9HHgffUDAlk8qfOuVGkqRzgVymGe07xd00DMxs.AQubh4a',1),
    ('ovGDiSqjkO@venus.com', '$2a$10$8.UnVuG9HHgffUDAlk8qfOuVGkqRzgVymGe07xd00DMxs.AQubh4a',1),
    ('GbJHwuNlXd@venus.com', '$2a$10$8.UnVuG9HHgffUDAlk8qfOuVGkqRzgVymGe07xd00DMxs.AQubh4a',1),
    ('pedhWdNFpa@venus.com', '$2a$10$8.UnVuG9HHgffUDAlk8qfOuVGkqRzgVymGe07xd00DMxs.AQubh4a',1),
    ('EHmgXVKiip@venus.com', '$2a$10$8.UnVuG9HHgffUDAlk8qfOuVGkqRzgVymGe07xd00DMxs.AQubh4a',1),
    ('czuvoeBbsc@venus.com', '$2a$10$8.UnVuG9HHgffUDAlk8qfOuVGkqRzgVymGe07xd00DMxs.AQubh4a',1),
    ('jgVzofVxRZ@venus.com', '$2a$10$8.UnVuG9HHgffUDAlk8qfOuVGkqRzgVymGe07xd00DMxs.AQubh4a',1),
    ('anZWrdHDCq@venus.com', '$2a$10$8.UnVuG9HHgffUDAlk8qfOuVGkqRzgVymGe07xd00DMxs.AQubh4a',1),
    ('ryuzPXvqzy@venus.com','$2a$10$8.UnVuG9HHgffUDAlk8qfOuVGkqRzgVymGe07xd00DMxs.AQubh4a', 1),
    ('ecuxYqEvOL@venus.com','$2a$10$8.UnVuG9HHgffUDAlk8qfOuVGkqRzgVymGe07xd00DMxs.AQubh4a', 1),
    ('XZJPKVsiKD@venus.com','$2a$10$8.UnVuG9HHgffUDAlk8qfOuVGkqRzgVymGe07xd00DMxs.AQubh4a', 1),
    ('HCDCjqHhsg@venus.com','$2a$10$8.UnVuG9HHgffUDAlk8qfOuVGkqRzgVymGe07xd00DMxs.AQubh4a', 1),
    ('WoyNrweYol@venus.com','$2a$10$8.UnVuG9HHgffUDAlk8qfOuVGkqRzgVymGe07xd00DMxs.AQubh4a', 1),
    ('PgwJryPoRe@venus.com','$2a$10$8.UnVuG9HHgffUDAlk8qfOuVGkqRzgVymGe07xd00DMxs.AQubh4a', 1),
    ('lfVfpAtZqJ@venus.com','$2a$10$8.UnVuG9HHgffUDAlk8qfOuVGkqRzgVymGe07xd00DMxs.AQubh4a', 1),
    ('gEkkIlYMCK@venus.com','$2a$10$8.UnVuG9HHgffUDAlk8qfOuVGkqRzgVymGe07xd00DMxs.AQubh4a', 1),
    ('rbcPpwzZxY@venus.com','$2a$10$8.UnVuG9HHgffUDAlk8qfOuVGkqRzgVymGe07xd00DMxs.AQubh4a', 1),
    ('rgGHdTLzOe@venus.com','$2a$10$8.UnVuG9HHgffUDAlk8qfOuVGkqRzgVymGe07xd00DMxs.AQubh4a', 1),
    ('yjIMogGzXc@venus.com','$2a$10$8.UnVuG9HHgffUDAlk8qfOuVGkqRzgVymGe07xd00DMxs.AQubh4a', 1),
    ('WARKtkEPmX@venus.com','$2a$10$8.UnVuG9HHgffUDAlk8qfOuVGkqRzgVymGe07xd00DMxs.AQubh4a', 1),
    ('ZtgoxvIBOw@venus.com','$2a$10$8.UnVuG9HHgffUDAlk8qfOuVGkqRzgVymGe07xd00DMxs.AQubh4a', 1),
    ('CfoUdhSjeI@venus.com','$2a$10$8.UnVuG9HHgffUDAlk8qfOuVGkqRzgVymGe07xd00DMxs.AQubh4a', 1),
    ('pGrZSQutAO@venus.com','$2a$10$8.UnVuG9HHgffUDAlk8qfOuVGkqRzgVymGe07xd00DMxs.AQubh4a', 1),
    ('GfgKJfzSXe@venus.com','$2a$10$8.UnVuG9HHgffUDAlk8qfOuVGkqRzgVymGe07xd00DMxs.AQubh4a', 1),
    ('gRfPUwpFoQ@venus.com','$2a$10$8.UnVuG9HHgffUDAlk8qfOuVGkqRzgVymGe07xd00DMxs.AQubh4a', 1),
    ('pimxBrzFQb@venus.com','$2a$10$8.UnVuG9HHgffUDAlk8qfOuVGkqRzgVymGe07xd00DMxs.AQubh4a', 1),
    ('NpxGobHfhH@venus.com','$2a$10$8.UnVuG9HHgffUDAlk8qfOuVGkqRzgVymGe07xd00DMxs.AQubh4a', 1),
    ('SrnujKRjpB@venus.com','$2a$10$8.UnVuG9HHgffUDAlk8qfOuVGkqRzgVymGe07xd00DMxs.AQubh4a', 1),
    ('ueVPeLVQgz@venus.com','$2a$10$8.UnVuG9HHgffUDAlk8qfOuVGkqRzgVymGe07xd00DMxs.AQubh4a', 1),
    ('vklHsxfLVn@venus.com','$2a$10$8.UnVuG9HHgffUDAlk8qfOuVGkqRzgVymGe07xd00DMxs.AQubh4a', 1),
    ('ZgLLleAQBx@venus.com','$2a$10$8.UnVuG9HHgffUDAlk8qfOuVGkqRzgVymGe07xd00DMxs.AQubh4a', 1),
    ('YVNaUIYetv@venus.com','$2a$10$8.UnVuG9HHgffUDAlk8qfOuVGkqRzgVymGe07xd00DMxs.AQubh4a', 1),
    ('TyUZQGSEwq@venus.com','$2a$10$8.UnVuG9HHgffUDAlk8qfOuVGkqRzgVymGe07xd00DMxs.AQubh4a', 1),
    ('igZPGJHlOp@venus.com','$2a$10$8.UnVuG9HHgffUDAlk8qfOuVGkqRzgVymGe07xd00DMxs.AQubh4a', 1),
    ('hodQvPFZAl@venus.com','$2a$10$8.UnVuG9HHgffUDAlk8qfOuVGkqRzgVymGe07xd00DMxs.AQubh4a', 1),
    ('jdcsVCPbzE@venus.com','$2a$10$8.UnVuG9HHgffUDAlk8qfOuVGkqRzgVymGe07xd00DMxs.AQubh4a', 1),
    ('PGODKjcIjd@venus.com','$2a$10$8.UnVuG9HHgffUDAlk8qfOuVGkqRzgVymGe07xd00DMxs.AQubh4a', 1),
    ('uXuVbwqmHe@venus.com','$2a$10$8.UnVuG9HHgffUDAlk8qfOuVGkqRzgVymGe07xd00DMxs.AQubh4a', 1),
    ('vSjHuQlRNd@venus.com','$2a$10$8.UnVuG9HHgffUDAlk8qfOuVGkqRzgVymGe07xd00DMxs.AQubh4a', 1),
    ('WHmpsBQyJy@venus.com','$2a$10$8.UnVuG9HHgffUDAlk8qfOuVGkqRzgVymGe07xd00DMxs.AQubh4a', 1),
    ('jhESlNYiBO@venus.com','$2a$10$8.UnVuG9HHgffUDAlk8qfOuVGkqRzgVymGe07xd00DMxs.AQubh4a', 1),
    ('pXpgnjhREO@venus.com','$2a$10$8.UnVuG9HHgffUDAlk8qfOuVGkqRzgVymGe07xd00DMxs.AQubh4a', 1),
    ('SvBjMcouYU@venus.com','$2a$10$8.UnVuG9HHgffUDAlk8qfOuVGkqRzgVymGe07xd00DMxs.AQubh4a', 1),
    ('EjdjcJBfxg@venus.com','$2a$10$8.UnVuG9HHgffUDAlk8qfOuVGkqRzgVymGe07xd00DMxs.AQubh4a', 1),
    ('GIsLFpKSSd@venus.com','$2a$10$8.UnVuG9HHgffUDAlk8qfOuVGkqRzgVymGe07xd00DMxs.AQubh4a', 1),
    ('SMEQmjfMPj@venus.com','$2a$10$8.UnVuG9HHgffUDAlk8qfOuVGkqRzgVymGe07xd00DMxs.AQubh4a', 1),
    ('YWVtQzKDKk@venus.com','$2a$10$8.UnVuG9HHgffUDAlk8qfOuVGkqRzgVymGe07xd00DMxs.AQubh4a', 1),
    ('cxKtACBRjp@venus.com','$2a$10$8.UnVuG9HHgffUDAlk8qfOuVGkqRzgVymGe07xd00DMxs.AQubh4a', 1),
    ('orshMGaAex@venus.com','$2a$10$8.UnVuG9HHgffUDAlk8qfOuVGkqRzgVymGe07xd00DMxs.AQubh4a', 1),
    ('EFFDDwxavI@venus.com','$2a$10$8.UnVuG9HHgffUDAlk8qfOuVGkqRzgVymGe07xd00DMxs.AQubh4a', 1),
    ('KULziMbeze@venus.com','$2a$10$8.UnVuG9HHgffUDAlk8qfOuVGkqRzgVymGe07xd00DMxs.AQubh4a', 1),
    ('tLCFiOUZgS@venus.com','$2a$10$8.UnVuG9HHgffUDAlk8qfOuVGkqRzgVymGe07xd00DMxs.AQubh4a', 1),
    ('gHrDnBNJla@venus.com','$2a$10$8.UnVuG9HHgffUDAlk8qfOuVGkqRzgVymGe07xd00DMxs.AQubh4a', 1),
    ('PPJfOGnLJG@venus.com','$2a$10$8.UnVuG9HHgffUDAlk8qfOuVGkqRzgVymGe07xd00DMxs.AQubh4a', 1),
    ('aPexfsPsHd@venus.com','$2a$10$8.UnVuG9HHgffUDAlk8qfOuVGkqRzgVymGe07xd00DMxs.AQubh4a', 1),
    ('VKfjqCOvgy@venus.com','$2a$10$8.UnVuG9HHgffUDAlk8qfOuVGkqRzgVymGe07xd00DMxs.AQubh4a', 1),
    ('ZmqXeCJezy@venus.com','$2a$10$8.UnVuG9HHgffUDAlk8qfOuVGkqRzgVymGe07xd00DMxs.AQubh4a', 1),
    ('ybQEkkfhGY@venus.com','$2a$10$8.UnVuG9HHgffUDAlk8qfOuVGkqRzgVymGe07xd00DMxs.AQubh4a', 1),
    ('TVRAjSJPpT@venus.com','$2a$10$8.UnVuG9HHgffUDAlk8qfOuVGkqRzgVymGe07xd00DMxs.AQubh4a', 1),
    ('ICwbvPmoSz@venus.com','$2a$10$8.UnVuG9HHgffUDAlk8qfOuVGkqRzgVymGe07xd00DMxs.AQubh4a', 1),
    ('yYoztMGlqN@venus.com','$2a$10$8.UnVuG9HHgffUDAlk8qfOuVGkqRzgVymGe07xd00DMxs.AQubh4a', 1),
    ('LSGwphLLNi@venus.com','$2a$10$8.UnVuG9HHgffUDAlk8qfOuVGkqRzgVymGe07xd00DMxs.AQubh4a', 1),
    ('HUHXmnBmKs@venus.com','$2a$10$8.UnVuG9HHgffUDAlk8qfOuVGkqRzgVymGe07xd00DMxs.AQubh4a', 1),
    ('uqIJEwEnzt@venus.com','$2a$10$8.UnVuG9HHgffUDAlk8qfOuVGkqRzgVymGe07xd00DMxs.AQubh4a', 1),
    ('DOcYemXAvN@venus.com','$2a$10$8.UnVuG9HHgffUDAlk8qfOuVGkqRzgVymGe07xd00DMxs.AQubh4a', 1),
    ('IlcvzsIJoc@venus.com','$2a$10$8.UnVuG9HHgffUDAlk8qfOuVGkqRzgVymGe07xd00DMxs.AQubh4a', 1),
    ('kwZhDkulXV@venus.com','$2a$10$8.UnVuG9HHgffUDAlk8qfOuVGkqRzgVymGe07xd00DMxs.AQubh4a', 1),
    ('lPpzpBYbbZ@venus.com','$2a$10$8.UnVuG9HHgffUDAlk8qfOuVGkqRzgVymGe07xd00DMxs.AQubh4a', 1),
    ('GxgtEKvtik@venus.com','$2a$10$8.UnVuG9HHgffUDAlk8qfOuVGkqRzgVymGe07xd00DMxs.AQubh4a', 1),
    ('nojWdJjsHf@venus.com','$2a$10$8.UnVuG9HHgffUDAlk8qfOuVGkqRzgVymGe07xd00DMxs.AQubh4a', 1),
    ('KiCLZzAGaZ@venus.com','$2a$10$8.UnVuG9HHgffUDAlk8qfOuVGkqRzgVymGe07xd00DMxs.AQubh4a', 1),
    ('JKncBzpGlT@venus.com','$2a$10$8.UnVuG9HHgffUDAlk8qfOuVGkqRzgVymGe07xd00DMxs.AQubh4a', 1),
    ('FZXflTJrzf@venus.com','$2a$10$8.UnVuG9HHgffUDAlk8qfOuVGkqRzgVymGe07xd00DMxs.AQubh4a', 1),
    ('GsrjpWVlbm@venus.com','$2a$10$8.UnVuG9HHgffUDAlk8qfOuVGkqRzgVymGe07xd00DMxs.AQubh4a', 1),
    ('gfjdeIZGha@venus.com','$2a$10$8.UnVuG9HHgffUDAlk8qfOuVGkqRzgVymGe07xd00DMxs.AQubh4a', 1),
    ('XrqwlQFXnY@venus.com','$2a$10$8.UnVuG9HHgffUDAlk8qfOuVGkqRzgVymGe07xd00DMxs.AQubh4a', 1),
    ('MbZmJXUIzR@venus.com','$2a$10$8.UnVuG9HHgffUDAlk8qfOuVGkqRzgVymGe07xd00DMxs.AQubh4a', 1),
    ('zwvXWgaSJK@venus.com','$2a$10$8.UnVuG9HHgffUDAlk8qfOuVGkqRzgVymGe07xd00DMxs.AQubh4a', 1),
    ('duDLgGWxmY@venus.com','$2a$10$8.UnVuG9HHgffUDAlk8qfOuVGkqRzgVymGe07xd00DMxs.AQubh4a', 1),
    ('GyZqSUhHbQ@venus.com','$2a$10$8.UnVuG9HHgffUDAlk8qfOuVGkqRzgVymGe07xd00DMxs.AQubh4a', 1),
    ('xburALNvNm@venus.com','$2a$10$8.UnVuG9HHgffUDAlk8qfOuVGkqRzgVymGe07xd00DMxs.AQubh4a', 1),
    ('YqSTtNtcgR@venus.com','$2a$10$8.UnVuG9HHgffUDAlk8qfOuVGkqRzgVymGe07xd00DMxs.AQubh4a', 1),
    ('tzkHASLEmK@venus.com','$2a$10$8.UnVuG9HHgffUDAlk8qfOuVGkqRzgVymGe07xd00DMxs.AQubh4a', 1),
    ('OIYlvrXmpz@venus.com','$2a$10$8.UnVuG9HHgffUDAlk8qfOuVGkqRzgVymGe07xd00DMxs.AQubh4a', 1),
    ('uWGxDpRMTz@venus.com','$2a$10$8.UnVuG9HHgffUDAlk8qfOuVGkqRzgVymGe07xd00DMxs.AQubh4a', 1),
    ('IQlSvPVTUd@venus.com','$2a$10$8.UnVuG9HHgffUDAlk8qfOuVGkqRzgVymGe07xd00DMxs.AQubh4a', 1),
    ('adVDfFBRah@venus.com','$2a$10$8.UnVuG9HHgffUDAlk8qfOuVGkqRzgVymGe07xd00DMxs.AQubh4a', 1),
    ('tshPqDASEo@venus.com','$2a$10$8.UnVuG9HHgffUDAlk8qfOuVGkqRzgVymGe07xd00DMxs.AQubh4a', 1),
    ('kaIbPbciQy@venus.com','$2a$10$8.UnVuG9HHgffUDAlk8qfOuVGkqRzgVymGe07xd00DMxs.AQubh4a', 1),
    ('kHphCSEhPg@venus.com','$2a$10$8.UnVuG9HHgffUDAlk8qfOuVGkqRzgVymGe07xd00DMxs.AQubh4a', 1),
    ('ZbGjdFxipP@venus.com','$2a$10$8.UnVuG9HHgffUDAlk8qfOuVGkqRzgVymGe07xd00DMxs.AQubh4a', 1),
    ('KgpMOhiFix@venus.com','$2a$10$8.UnVuG9HHgffUDAlk8qfOuVGkqRzgVymGe07xd00DMxs.AQubh4a', 1),
    ('kpcBVAUNfK@venus.com','$2a$10$8.UnVuG9HHgffUDAlk8qfOuVGkqRzgVymGe07xd00DMxs.AQubh4a', 1),
    ('iIabmhvZsd@venus.com','$2a$10$8.UnVuG9HHgffUDAlk8qfOuVGkqRzgVymGe07xd00DMxs.AQubh4a', 1),
    ('QwTgWyIfIf@venus.com','$2a$10$8.UnVuG9HHgffUDAlk8qfOuVGkqRzgVymGe07xd00DMxs.AQubh4a', 1),
    ('zabkchCbDY@venus.com','$2a$10$8.UnVuG9HHgffUDAlk8qfOuVGkqRzgVymGe07xd00DMxs.AQubh4a', 1),
    ('SMeUmLpNKe@venus.com','$2a$10$8.UnVuG9HHgffUDAlk8qfOuVGkqRzgVymGe07xd00DMxs.AQubh4a', 1),
    ('wUcASjVQUz@venus.com','$2a$10$8.UnVuG9HHgffUDAlk8qfOuVGkqRzgVymGe07xd00DMxs.AQubh4a', 1),
    ('RVJHzVTkwr@venus.com','$2a$10$8.UnVuG9HHgffUDAlk8qfOuVGkqRzgVymGe07xd00DMxs.AQubh4a', 1),
    ('pNBoPKGeKL@venus.com','$2a$10$8.UnVuG9HHgffUDAlk8qfOuVGkqRzgVymGe07xd00DMxs.AQubh4a', 1),
    ('GMLSJMoEZm@venus.com','$2a$10$8.UnVuG9HHgffUDAlk8qfOuVGkqRzgVymGe07xd00DMxs.AQubh4a', 1),
    ('DVofbTRopW@venus.com','$2a$10$8.UnVuG9HHgffUDAlk8qfOuVGkqRzgVymGe07xd00DMxs.AQubh4a', 1),
    ('NLWUeeZECS@venus.com','$2a$10$8.UnVuG9HHgffUDAlk8qfOuVGkqRzgVymGe07xd00DMxs.AQubh4a', 1),
    ('oLDfLIuxIL@venus.com','$2a$10$8.UnVuG9HHgffUDAlk8qfOuVGkqRzgVymGe07xd00DMxs.AQubh4a', 1),
    ('xVZjkCLRAK@venus.com','$2a$10$8.UnVuG9HHgffUDAlk8qfOuVGkqRzgVymGe07xd00DMxs.AQubh4a', 1),
    ('ZEQjIuXtwW@venus.com','$2a$10$8.UnVuG9HHgffUDAlk8qfOuVGkqRzgVymGe07xd00DMxs.AQubh4a', 1),
    ('jEeqBUynTK@venus.com','$2a$10$8.UnVuG9HHgffUDAlk8qfOuVGkqRzgVymGe07xd00DMxs.AQubh4a', 1),
    ('XbVDslYafi@venus.com','$2a$10$8.UnVuG9HHgffUDAlk8qfOuVGkqRzgVymGe07xd00DMxs.AQubh4a', 1),
    ('ReRvEUYfzk@venus.com','$2a$10$8.UnVuG9HHgffUDAlk8qfOuVGkqRzgVymGe07xd00DMxs.AQubh4a', 1),
    ('KLxMGeVxbA@venus.com','$2a$10$8.UnVuG9HHgffUDAlk8qfOuVGkqRzgVymGe07xd00DMxs.AQubh4a', 1),
    ('FKVqrsVNGu@venus.com','$2a$10$8.UnVuG9HHgffUDAlk8qfOuVGkqRzgVymGe07xd00DMxs.AQubh4a', 1),
    ('WHguXzJaiS@venus.com','$2a$10$8.UnVuG9HHgffUDAlk8qfOuVGkqRzgVymGe07xd00DMxs.AQubh4a', 1),
    ('CwMbARNYfG@venus.com','$2a$10$8.UnVuG9HHgffUDAlk8qfOuVGkqRzgVymGe07xd00DMxs.AQubh4a', 1),
    ('jMAUFbwfpV@venus.com','$2a$10$8.UnVuG9HHgffUDAlk8qfOuVGkqRzgVymGe07xd00DMxs.AQubh4a', 1),
    ('oXjJKmstsw@venus.com','$2a$10$8.UnVuG9HHgffUDAlk8qfOuVGkqRzgVymGe07xd00DMxs.AQubh4a', 1),
    ('jpKgpdgzEt@venus.com','$2a$10$8.UnVuG9HHgffUDAlk8qfOuVGkqRzgVymGe07xd00DMxs.AQubh4a', 1),
    ('RUablAhnBN@venus.com','$2a$10$8.UnVuG9HHgffUDAlk8qfOuVGkqRzgVymGe07xd00DMxs.AQubh4a', 1),
    ('wvywVkLznQ@venus.com','$2a$10$8.UnVuG9HHgffUDAlk8qfOuVGkqRzgVymGe07xd00DMxs.AQubh4a', 1),
    ('MohoSQmUhW@venus.com','$2a$10$8.UnVuG9HHgffUDAlk8qfOuVGkqRzgVymGe07xd00DMxs.AQubh4a', 1),
    ('kZHpKplMwl@venus.com','$2a$10$8.UnVuG9HHgffUDAlk8qfOuVGkqRzgVymGe07xd00DMxs.AQubh4a', 1),
    ('aYJhILXBSu@venus.com','$2a$10$8.UnVuG9HHgffUDAlk8qfOuVGkqRzgVymGe07xd00DMxs.AQubh4a', 1),
    ('dOdDeROEcF@venus.com','$2a$10$8.UnVuG9HHgffUDAlk8qfOuVGkqRzgVymGe07xd00DMxs.AQubh4a', 1),
    ('FCTNJVHuQs@venus.com','$2a$10$8.UnVuG9HHgffUDAlk8qfOuVGkqRzgVymGe07xd00DMxs.AQubh4a', 1),
    ('aFbazKXCiZ@venus.com','$2a$10$8.UnVuG9HHgffUDAlk8qfOuVGkqRzgVymGe07xd00DMxs.AQubh4a', 1),
    ('DeSfeIAyYe@venus.com','$2a$10$8.UnVuG9HHgffUDAlk8qfOuVGkqRzgVymGe07xd00DMxs.AQubh4a', 1),
    ('NTLAFnrBaS@venus.com','$2a$10$8.UnVuG9HHgffUDAlk8qfOuVGkqRzgVymGe07xd00DMxs.AQubh4a', 1),
    ('OWbqfxrmaO@venus.com','$2a$10$8.UnVuG9HHgffUDAlk8qfOuVGkqRzgVymGe07xd00DMxs.AQubh4a', 1),
    ('qKraxrRwjS@venus.com','$2a$10$8.UnVuG9HHgffUDAlk8qfOuVGkqRzgVymGe07xd00DMxs.AQubh4a', 1),
    ('fUkzDqWTjn@venus.com','$2a$10$8.UnVuG9HHgffUDAlk8qfOuVGkqRzgVymGe07xd00DMxs.AQubh4a', 1),
    ('AmCNBaRYHe@venus.com','$2a$10$8.UnVuG9HHgffUDAlk8qfOuVGkqRzgVymGe07xd00DMxs.AQubh4a', 1),
    ('RBWwdEZnFQ@venus.com','$2a$10$8.UnVuG9HHgffUDAlk8qfOuVGkqRzgVymGe07xd00DMxs.AQubh4a', 1),
    ('fxOCbhFOon@venus.com','$2a$10$8.UnVuG9HHgffUDAlk8qfOuVGkqRzgVymGe07xd00DMxs.AQubh4a', 1),
    ('KbHMwqZgdS@venus.com','$2a$10$8.UnVuG9HHgffUDAlk8qfOuVGkqRzgVymGe07xd00DMxs.AQubh4a', 1),
    ('DlXBGMmzCm@venus.com','$2a$10$8.UnVuG9HHgffUDAlk8qfOuVGkqRzgVymGe07xd00DMxs.AQubh4a', 1),
    ('gmQrjWvwZB@venus.com','$2a$10$8.UnVuG9HHgffUDAlk8qfOuVGkqRzgVymGe07xd00DMxs.AQubh4a', 1),
    ('xHslgPAHMw@venus.com','$2a$10$8.UnVuG9HHgffUDAlk8qfOuVGkqRzgVymGe07xd00DMxs.AQubh4a', 1),
    ('RRJmQQWaDU@venus.com','$2a$10$8.UnVuG9HHgffUDAlk8qfOuVGkqRzgVymGe07xd00DMxs.AQubh4a', 1),
    ('DqSBpEVxGl@venus.com','$2a$10$8.UnVuG9HHgffUDAlk8qfOuVGkqRzgVymGe07xd00DMxs.AQubh4a', 1),
    ('rZmxvvilPH@venus.com','$2a$10$8.UnVuG9HHgffUDAlk8qfOuVGkqRzgVymGe07xd00DMxs.AQubh4a', 1),
    ('MilehudCwg@venus.com','$2a$10$8.UnVuG9HHgffUDAlk8qfOuVGkqRzgVymGe07xd00DMxs.AQubh4a', 1),
    ('zFsByweRHM@venus.com','$2a$10$8.UnVuG9HHgffUDAlk8qfOuVGkqRzgVymGe07xd00DMxs.AQubh4a', 1),
    ('GgUlFKETwC@venus.com','$2a$10$8.UnVuG9HHgffUDAlk8qfOuVGkqRzgVymGe07xd00DMxs.AQubh4a', 1),
    ('jnqGwmeikj@venus.com','$2a$10$8.UnVuG9HHgffUDAlk8qfOuVGkqRzgVymGe07xd00DMxs.AQubh4a', 1),
    ('CcOLDHbwfN@venus.com','$2a$10$8.UnVuG9HHgffUDAlk8qfOuVGkqRzgVymGe07xd00DMxs.AQubh4a', 1),
    ('MDcUAYeiaz@venus.com','$2a$10$8.UnVuG9HHgffUDAlk8qfOuVGkqRzgVymGe07xd00DMxs.AQubh4a', 1),
    ('JklTPEvMUv@venus.com','$2a$10$8.UnVuG9HHgffUDAlk8qfOuVGkqRzgVymGe07xd00DMxs.AQubh4a', 1),
    ('CjYToSkLej@venus.com','$2a$10$8.UnVuG9HHgffUDAlk8qfOuVGkqRzgVymGe07xd00DMxs.AQubh4a', 1),
    ('whQRDLaIfA@venus.com','$2a$10$8.UnVuG9HHgffUDAlk8qfOuVGkqRzgVymGe07xd00DMxs.AQubh4a', 1),
    ('VfiGvHEOMB@venus.com','$2a$10$8.UnVuG9HHgffUDAlk8qfOuVGkqRzgVymGe07xd00DMxs.AQubh4a', 1),
    ('WusCUyezEA@venus.com','$2a$10$8.UnVuG9HHgffUDAlk8qfOuVGkqRzgVymGe07xd00DMxs.AQubh4a', 1),
    ('GFJXvFJbXf@venus.com','$2a$10$8.UnVuG9HHgffUDAlk8qfOuVGkqRzgVymGe07xd00DMxs.AQubh4a', 1),
    ('gqsnCsinbR@venus.com','$2a$10$8.UnVuG9HHgffUDAlk8qfOuVGkqRzgVymGe07xd00DMxs.AQubh4a', 1),
    ('PRzKSUkQkY@venus.com','$2a$10$8.UnVuG9HHgffUDAlk8qfOuVGkqRzgVymGe07xd00DMxs.AQubh4a', 1),
    ('ewcptIYLSo@venus.com','$2a$10$8.UnVuG9HHgffUDAlk8qfOuVGkqRzgVymGe07xd00DMxs.AQubh4a', 1),
    ('TdmAKQFQtw@venus.com','$2a$10$8.UnVuG9HHgffUDAlk8qfOuVGkqRzgVymGe07xd00DMxs.AQubh4a', 1),
    ('YxEnbPkDoc@venus.com','$2a$10$8.UnVuG9HHgffUDAlk8qfOuVGkqRzgVymGe07xd00DMxs.AQubh4a', 1),
    ('JIQRukGRkJ@venus.com','$2a$10$8.UnVuG9HHgffUDAlk8qfOuVGkqRzgVymGe07xd00DMxs.AQubh4a', 1),
    ('OTbkvmEyok@venus.com','$2a$10$8.UnVuG9HHgffUDAlk8qfOuVGkqRzgVymGe07xd00DMxs.AQubh4a', 1),
    ('vzNLcrpKnO@venus.com','$2a$10$8.UnVuG9HHgffUDAlk8qfOuVGkqRzgVymGe07xd00DMxs.AQubh4a', 1),
    ('YkaoqISLHo@venus.com','$2a$10$8.UnVuG9HHgffUDAlk8qfOuVGkqRzgVymGe07xd00DMxs.AQubh4a', 1),
    ('iMcFauyUlA@venus.com','$2a$10$8.UnVuG9HHgffUDAlk8qfOuVGkqRzgVymGe07xd00DMxs.AQubh4a', 1),
    ('XhNWCobPeA@venus.com','$2a$10$8.UnVuG9HHgffUDAlk8qfOuVGkqRzgVymGe07xd00DMxs.AQubh4a', 1),
    ('LCmvkGYfdx@venus.com','$2a$10$8.UnVuG9HHgffUDAlk8qfOuVGkqRzgVymGe07xd00DMxs.AQubh4a', 1),
    ('kmFhzbymak@venus.com','$2a$10$8.UnVuG9HHgffUDAlk8qfOuVGkqRzgVymGe07xd00DMxs.AQubh4a', 1),
    ('WsguYLdPjC@venus.com','$2a$10$8.UnVuG9HHgffUDAlk8qfOuVGkqRzgVymGe07xd00DMxs.AQubh4a', 1),
    ('TdFqKyWyRt@venus.com','$2a$10$8.UnVuG9HHgffUDAlk8qfOuVGkqRzgVymGe07xd00DMxs.AQubh4a', 1),
    ('MSEMhrubYF@venus.com','$2a$10$8.UnVuG9HHgffUDAlk8qfOuVGkqRzgVymGe07xd00DMxs.AQubh4a', 1),
    ('KyyMbfuJAk@venus.com','$2a$10$8.UnVuG9HHgffUDAlk8qfOuVGkqRzgVymGe07xd00DMxs.AQubh4a', 1),
    ('iCSennsqFJ@venus.com','$2a$10$8.UnVuG9HHgffUDAlk8qfOuVGkqRzgVymGe07xd00DMxs.AQubh4a', 1),
    ('yGrBAMBzRf@venus.com','$2a$10$8.UnVuG9HHgffUDAlk8qfOuVGkqRzgVymGe07xd00DMxs.AQubh4a', 1),
    ('fWvKxRSAmw@venus.com','$2a$10$8.UnVuG9HHgffUDAlk8qfOuVGkqRzgVymGe07xd00DMxs.AQubh4a', 1),
    ('WEmWucQYRT@venus.com','$2a$10$8.UnVuG9HHgffUDAlk8qfOuVGkqRzgVymGe07xd00DMxs.AQubh4a', 1),
    ('OJHVJFpetK@venus.com','$2a$10$8.UnVuG9HHgffUDAlk8qfOuVGkqRzgVymGe07xd00DMxs.AQubh4a', 1),
    ('VYenpTFtOT@venus.com','$2a$10$8.UnVuG9HHgffUDAlk8qfOuVGkqRzgVymGe07xd00DMxs.AQubh4a', 1),
    ('ggmIqOmnut@venus.com','$2a$10$8.UnVuG9HHgffUDAlk8qfOuVGkqRzgVymGe07xd00DMxs.AQubh4a', 1),
    ('mravzJLGBE@venus.com','$2a$10$8.UnVuG9HHgffUDAlk8qfOuVGkqRzgVymGe07xd00DMxs.AQubh4a', 1),
    ('jsEBnfEdDc@venus.com','$2a$10$8.UnVuG9HHgffUDAlk8qfOuVGkqRzgVymGe07xd00DMxs.AQubh4a', 1),
    ('OXpGDDjlVf@venus.com','$2a$10$8.UnVuG9HHgffUDAlk8qfOuVGkqRzgVymGe07xd00DMxs.AQubh4a', 1),
    ('JsBaXLUYQL@venus.com','$2a$10$8.UnVuG9HHgffUDAlk8qfOuVGkqRzgVymGe07xd00DMxs.AQubh4a', 1),
    ('ljPeTGbhLB@venus.com','$2a$10$8.UnVuG9HHgffUDAlk8qfOuVGkqRzgVymGe07xd00DMxs.AQubh4a', 1),
    ('kEgvwlLRVp@venus.com','$2a$10$8.UnVuG9HHgffUDAlk8qfOuVGkqRzgVymGe07xd00DMxs.AQubh4a', 1),
    ('VkWAbpYyng@venus.com','$2a$10$8.UnVuG9HHgffUDAlk8qfOuVGkqRzgVymGe07xd00DMxs.AQubh4a', 1),
    ('pVjRsGJEnA@venus.com','$2a$10$8.UnVuG9HHgffUDAlk8qfOuVGkqRzgVymGe07xd00DMxs.AQubh4a', 1),
    ('BPHpuUKzbd@venus.com','$2a$10$8.UnVuG9HHgffUDAlk8qfOuVGkqRzgVymGe07xd00DMxs.AQubh4a', 1),
    ('qaRZgjPrEe@venus.com','$2a$10$8.UnVuG9HHgffUDAlk8qfOuVGkqRzgVymGe07xd00DMxs.AQubh4a', 1),
    ('qtIhjwnUsl@venus.com','$2a$10$8.UnVuG9HHgffUDAlk8qfOuVGkqRzgVymGe07xd00DMxs.AQubh4a', 1),
    ('ggxlgUwsnn@venus.com','$2a$10$8.UnVuG9HHgffUDAlk8qfOuVGkqRzgVymGe07xd00DMxs.AQubh4a', 1),
    ('leuVBCMroA@venus.com','$2a$10$8.UnVuG9HHgffUDAlk8qfOuVGkqRzgVymGe07xd00DMxs.AQubh4a', 1),
    ('BLfhbMVCYl@venus.com','$2a$10$8.UnVuG9HHgffUDAlk8qfOuVGkqRzgVymGe07xd00DMxs.AQubh4a', 1),
    ('rTCnCxRMTd@venus.com','$2a$10$8.UnVuG9HHgffUDAlk8qfOuVGkqRzgVymGe07xd00DMxs.AQubh4a', 1),
    ('GemDnDvjfG@venus.com','$2a$10$8.UnVuG9HHgffUDAlk8qfOuVGkqRzgVymGe07xd00DMxs.AQubh4a', 1),
    ('zCdvDzyOnu@venus.com','$2a$10$8.UnVuG9HHgffUDAlk8qfOuVGkqRzgVymGe07xd00DMxs.AQubh4a', 1),
    ('QXtycyjtaM@venus.com','$2a$10$8.UnVuG9HHgffUDAlk8qfOuVGkqRzgVymGe07xd00DMxs.AQubh4a', 1),
    ('LgigaIqbgg@venus.com','$2a$10$8.UnVuG9HHgffUDAlk8qfOuVGkqRzgVymGe07xd00DMxs.AQubh4a', 1),
    ('JrSpVwKvWT@venus.com','$2a$10$8.UnVuG9HHgffUDAlk8qfOuVGkqRzgVymGe07xd00DMxs.AQubh4a', 1),
    ('bONLhoWtFx@venus.com','$2a$10$8.UnVuG9HHgffUDAlk8qfOuVGkqRzgVymGe07xd00DMxs.AQubh4a', 1),
    ('ZvoaMRdPlK@venus.com','$2a$10$8.UnVuG9HHgffUDAlk8qfOuVGkqRzgVymGe07xd00DMxs.AQubh4a', 1),
    ('DSSlpCSeOD@venus.com','$2a$10$8.UnVuG9HHgffUDAlk8qfOuVGkqRzgVymGe07xd00DMxs.AQubh4a', 1),
    ('TWYPNwClwm@venus.com','$2a$10$8.UnVuG9HHgffUDAlk8qfOuVGkqRzgVymGe07xd00DMxs.AQubh4a', 1),
    ('OpEpaealCB@venus.com','$2a$10$8.UnVuG9HHgffUDAlk8qfOuVGkqRzgVymGe07xd00DMxs.AQubh4a', 1),
    ('vWyMtmobJc@venus.com','$2a$10$8.UnVuG9HHgffUDAlk8qfOuVGkqRzgVymGe07xd00DMxs.AQubh4a', 1),
    ('GWBNgGbEMt@venus.com','$2a$10$8.UnVuG9HHgffUDAlk8qfOuVGkqRzgVymGe07xd00DMxs.AQubh4a', 1),
    ('crkHlTBzDr@venus.com','$2a$10$8.UnVuG9HHgffUDAlk8qfOuVGkqRzgVymGe07xd00DMxs.AQubh4a', 1),
    ('TMZoOSlkjd@venus.com','$2a$10$8.UnVuG9HHgffUDAlk8qfOuVGkqRzgVymGe07xd00DMxs.AQubh4a', 1),
    ('SZOFJKcLNg@venus.com','$2a$10$8.UnVuG9HHgffUDAlk8qfOuVGkqRzgVymGe07xd00DMxs.AQubh4a', 1),
    ('wQlmMvvUlM@venus.com','$2a$10$8.UnVuG9HHgffUDAlk8qfOuVGkqRzgVymGe07xd00DMxs.AQubh4a', 1),
    ('YRdiPvuJYi@venus.com','$2a$10$8.UnVuG9HHgffUDAlk8qfOuVGkqRzgVymGe07xd00DMxs.AQubh4a', 1),
    ('DcJJoigfuM@venus.com','$2a$10$8.UnVuG9HHgffUDAlk8qfOuVGkqRzgVymGe07xd00DMxs.AQubh4a', 1),
    ('LyuGYcnIoE@venus.com','$2a$10$8.UnVuG9HHgffUDAlk8qfOuVGkqRzgVymGe07xd00DMxs.AQubh4a', 1),
    ('oAtFnpZjnd@venus.com','$2a$10$8.UnVuG9HHgffUDAlk8qfOuVGkqRzgVymGe07xd00DMxs.AQubh4a', 1),
    ('dbAixHXYhX@venus.com','$2a$10$8.UnVuG9HHgffUDAlk8qfOuVGkqRzgVymGe07xd00DMxs.AQubh4a', 1),
    ('xgFOcCzKoB@venus.com','$2a$10$8.UnVuG9HHgffUDAlk8qfOuVGkqRzgVymGe07xd00DMxs.AQubh4a', 1),
    ('DUUaHlmlkt@venus.com','$2a$10$8.UnVuG9HHgffUDAlk8qfOuVGkqRzgVymGe07xd00DMxs.AQubh4a', 1),
    ('hhkwMqkwLq@venus.com','$2a$10$8.UnVuG9HHgffUDAlk8qfOuVGkqRzgVymGe07xd00DMxs.AQubh4a', 1),
    ('mMzpjIZboq@venus.com','$2a$10$8.UnVuG9HHgffUDAlk8qfOuVGkqRzgVymGe07xd00DMxs.AQubh4a', 1),
    ('ePlmIeSflq@venus.com','$2a$10$8.UnVuG9HHgffUDAlk8qfOuVGkqRzgVymGe07xd00DMxs.AQubh4a', 1),
    ('FwZYQnLhYL@venus.com','$2a$10$8.UnVuG9HHgffUDAlk8qfOuVGkqRzgVymGe07xd00DMxs.AQubh4a', 1),
    ('FWefBLlSCh@venus.com','$2a$10$8.UnVuG9HHgffUDAlk8qfOuVGkqRzgVymGe07xd00DMxs.AQubh4a', 1),
    ('qpAhGjYZOz@venus.com','$2a$10$8.UnVuG9HHgffUDAlk8qfOuVGkqRzgVymGe07xd00DMxs.AQubh4a', 1),
    ('btiTdvfmUK@venus.com','$2a$10$8.UnVuG9HHgffUDAlk8qfOuVGkqRzgVymGe07xd00DMxs.AQubh4a', 1),
    ('FBlbLmZGBv@venus.com','$2a$10$8.UnVuG9HHgffUDAlk8qfOuVGkqRzgVymGe07xd00DMxs.AQubh4a', 1),
    ('VYsfpFiZtQ@venus.com','$2a$10$8.UnVuG9HHgffUDAlk8qfOuVGkqRzgVymGe07xd00DMxs.AQubh4a', 1),
    ('xCEaBScths@venus.com','$2a$10$8.UnVuG9HHgffUDAlk8qfOuVGkqRzgVymGe07xd00DMxs.AQubh4a', 1),
    ('tQrUrknxua@venus.com','$2a$10$8.UnVuG9HHgffUDAlk8qfOuVGkqRzgVymGe07xd00DMxs.AQubh4a', 1),
    ('GQzxITndcJ@venus.com','$2a$10$8.UnVuG9HHgffUDAlk8qfOuVGkqRzgVymGe07xd00DMxs.AQubh4a', 1),
    ('ZNGyElikdS@venus.com','$2a$10$8.UnVuG9HHgffUDAlk8qfOuVGkqRzgVymGe07xd00DMxs.AQubh4a', 1),
    ('PjpaCxJfuw@venus.com','$2a$10$8.UnVuG9HHgffUDAlk8qfOuVGkqRzgVymGe07xd00DMxs.AQubh4a', 1),
    ('tPvfKbFnKH@venus.com','$2a$10$8.UnVuG9HHgffUDAlk8qfOuVGkqRzgVymGe07xd00DMxs.AQubh4a', 1),
    ('uQEwLbYSbD@venus.com','$2a$10$8.UnVuG9HHgffUDAlk8qfOuVGkqRzgVymGe07xd00DMxs.AQubh4a', 1),
    ('GdyiUpYpwI@venus.com','$2a$10$8.UnVuG9HHgffUDAlk8qfOuVGkqRzgVymGe07xd00DMxs.AQubh4a', 1),
    ('SvIhBIxYEh@venus.com','$2a$10$8.UnVuG9HHgffUDAlk8qfOuVGkqRzgVymGe07xd00DMxs.AQubh4a', 1),
    ('SKOccoURvd@venus.com','$2a$10$8.UnVuG9HHgffUDAlk8qfOuVGkqRzgVymGe07xd00DMxs.AQubh4a', 1),
    ('dqAFLeBunM@venus.com','$2a$10$8.UnVuG9HHgffUDAlk8qfOuVGkqRzgVymGe07xd00DMxs.AQubh4a', 1),
    ('FgUXSacGuM@venus.com','$2a$10$8.UnVuG9HHgffUDAlk8qfOuVGkqRzgVymGe07xd00DMxs.AQubh4a', 1),
    ('osBVAjRonz@venus.com','$2a$10$8.UnVuG9HHgffUDAlk8qfOuVGkqRzgVymGe07xd00DMxs.AQubh4a', 1),
    ('TmguXbEdBe@venus.com','$2a$10$8.UnVuG9HHgffUDAlk8qfOuVGkqRzgVymGe07xd00DMxs.AQubh4a', 1),
    ('fsnBBtImeg@venus.com','$2a$10$8.UnVuG9HHgffUDAlk8qfOuVGkqRzgVymGe07xd00DMxs.AQubh4a', 1),
    ('KDFDwhyEkJ@venus.com','$2a$10$8.UnVuG9HHgffUDAlk8qfOuVGkqRzgVymGe07xd00DMxs.AQubh4a', 1),
    ('hBPWqWFiVk@venus.com','$2a$10$8.UnVuG9HHgffUDAlk8qfOuVGkqRzgVymGe07xd00DMxs.AQubh4a', 1),
    ('AqPxODceGY@venus.com','$2a$10$8.UnVuG9HHgffUDAlk8qfOuVGkqRzgVymGe07xd00DMxs.AQubh4a', 1),
    ('UJQBTvMvEa@venus.com','$2a$10$8.UnVuG9HHgffUDAlk8qfOuVGkqRzgVymGe07xd00DMxs.AQubh4a', 1),
    ('ugPWPxJSiC@venus.com','$2a$10$8.UnVuG9HHgffUDAlk8qfOuVGkqRzgVymGe07xd00DMxs.AQubh4a', 1),
    ('ODrzYBPPOW@venus.com','$2a$10$8.UnVuG9HHgffUDAlk8qfOuVGkqRzgVymGe07xd00DMxs.AQubh4a', 1),
    ('WvkAFdWGUu@venus.com','$2a$10$8.UnVuG9HHgffUDAlk8qfOuVGkqRzgVymGe07xd00DMxs.AQubh4a', 1),
    ('vrwXMKHzOw@venus.com','$2a$10$8.UnVuG9HHgffUDAlk8qfOuVGkqRzgVymGe07xd00DMxs.AQubh4a', 1),
    ('bKWbcheIXB@venus.com','$2a$10$8.UnVuG9HHgffUDAlk8qfOuVGkqRzgVymGe07xd00DMxs.AQubh4a', 1),
    ('lboXpIQOCr@venus.com','$2a$10$8.UnVuG9HHgffUDAlk8qfOuVGkqRzgVymGe07xd00DMxs.AQubh4a', 1),
    ('cIjZkGGCqs@venus.com','$2a$10$8.UnVuG9HHgffUDAlk8qfOuVGkqRzgVymGe07xd00DMxs.AQubh4a', 1),
    ('KZVBaunVRj@venus.com','$2a$10$8.UnVuG9HHgffUDAlk8qfOuVGkqRzgVymGe07xd00DMxs.AQubh4a', 1),
    ('JLHyvpoZdS@venus.com','$2a$10$8.UnVuG9HHgffUDAlk8qfOuVGkqRzgVymGe07xd00DMxs.AQubh4a', 1),
    ('QPeZNRjfPW@venus.com','$2a$10$8.UnVuG9HHgffUDAlk8qfOuVGkqRzgVymGe07xd00DMxs.AQubh4a', 1),
    ('BmPNhXtpcq@venus.com','$2a$10$8.UnVuG9HHgffUDAlk8qfOuVGkqRzgVymGe07xd00DMxs.AQubh4a', 1),
    ('nXDZpvQrpo@venus.com','$2a$10$8.UnVuG9HHgffUDAlk8qfOuVGkqRzgVymGe07xd00DMxs.AQubh4a', 1),
    ('EeFmAaAESO@venus.com','$2a$10$8.UnVuG9HHgffUDAlk8qfOuVGkqRzgVymGe07xd00DMxs.AQubh4a', 1),
    ('kJMysLjUYJ@venus.com','$2a$10$8.UnVuG9HHgffUDAlk8qfOuVGkqRzgVymGe07xd00DMxs.AQubh4a', 1),
    ('ZDPoAhmEqn@venus.com','$2a$10$8.UnVuG9HHgffUDAlk8qfOuVGkqRzgVymGe07xd00DMxs.AQubh4a', 1),
    ('fvbReqjXiS@venus.com','$2a$10$8.UnVuG9HHgffUDAlk8qfOuVGkqRzgVymGe07xd00DMxs.AQubh4a', 1),
    ('mpDXcZCFeG@venus.com','$2a$10$8.UnVuG9HHgffUDAlk8qfOuVGkqRzgVymGe07xd00DMxs.AQubh4a', 1),
    ('ASjwIqoMeK@venus.com','$2a$10$8.UnVuG9HHgffUDAlk8qfOuVGkqRzgVymGe07xd00DMxs.AQubh4a', 1),
    ('PNAhhHiwOe@venus.com','$2a$10$8.UnVuG9HHgffUDAlk8qfOuVGkqRzgVymGe07xd00DMxs.AQubh4a', 1),
    ('djKoVKLyxA@venus.com','$2a$10$8.UnVuG9HHgffUDAlk8qfOuVGkqRzgVymGe07xd00DMxs.AQubh4a', 1),
    ('CrEsoIZpph@venus.com','$2a$10$8.UnVuG9HHgffUDAlk8qfOuVGkqRzgVymGe07xd00DMxs.AQubh4a', 1),
    ('CgVnPcmpUu@venus.com','$2a$10$8.UnVuG9HHgffUDAlk8qfOuVGkqRzgVymGe07xd00DMxs.AQubh4a', 1),
    ('UtCERcGuEy@venus.com','$2a$10$8.UnVuG9HHgffUDAlk8qfOuVGkqRzgVymGe07xd00DMxs.AQubh4a', 1),
    ('PqrOaaFgpy@venus.com','$2a$10$8.UnVuG9HHgffUDAlk8qfOuVGkqRzgVymGe07xd00DMxs.AQubh4a', 1),
    ('yKfMMwiKIL@venus.com','$2a$10$8.UnVuG9HHgffUDAlk8qfOuVGkqRzgVymGe07xd00DMxs.AQubh4a', 1),
    ('UEiXHmOuDU@venus.com','$2a$10$8.UnVuG9HHgffUDAlk8qfOuVGkqRzgVymGe07xd00DMxs.AQubh4a', 1),
    ('IWYVeqvyat@venus.com','$2a$10$8.UnVuG9HHgffUDAlk8qfOuVGkqRzgVymGe07xd00DMxs.AQubh4a', 1),
    ('qjuYWcrxfq@venus.com','$2a$10$8.UnVuG9HHgffUDAlk8qfOuVGkqRzgVymGe07xd00DMxs.AQubh4a', 1),
    ('uiIkolZCcK@venus.com','$2a$10$8.UnVuG9HHgffUDAlk8qfOuVGkqRzgVymGe07xd00DMxs.AQubh4a', 1),
    ('wEgCLwVDly@venus.com','$2a$10$8.UnVuG9HHgffUDAlk8qfOuVGkqRzgVymGe07xd00DMxs.AQubh4a', 1),
    ('zWDiGMzlya@venus.com','$2a$10$8.UnVuG9HHgffUDAlk8qfOuVGkqRzgVymGe07xd00DMxs.AQubh4a', 1),
    ('fasfalMwRJ@venus.com','$2a$10$8.UnVuG9HHgffUDAlk8qfOuVGkqRzgVymGe07xd00DMxs.AQubh4a', 1),
    ('LMDVzdIhWi@venus.com','$2a$10$8.UnVuG9HHgffUDAlk8qfOuVGkqRzgVymGe07xd00DMxs.AQubh4a', 1),
    ('CHptfKnKYv@venus.com','$2a$10$8.UnVuG9HHgffUDAlk8qfOuVGkqRzgVymGe07xd00DMxs.AQubh4a', 1),
    ('LaHJUMsRvw@venus.com','$2a$10$8.UnVuG9HHgffUDAlk8qfOuVGkqRzgVymGe07xd00DMxs.AQubh4a', 1),
    ('ljwUHSNqRt@venus.com','$2a$10$8.UnVuG9HHgffUDAlk8qfOuVGkqRzgVymGe07xd00DMxs.AQubh4a', 1),
    ('FcPNzuMxjM@venus.com','$2a$10$8.UnVuG9HHgffUDAlk8qfOuVGkqRzgVymGe07xd00DMxs.AQubh4a', 1),
    ('xfRCZDEbpJ@venus.com','$2a$10$8.UnVuG9HHgffUDAlk8qfOuVGkqRzgVymGe07xd00DMxs.AQubh4a', 1),
    ('mGFqIlRDZd@venus.com','$2a$10$8.UnVuG9HHgffUDAlk8qfOuVGkqRzgVymGe07xd00DMxs.AQubh4a', 1),
    ('KssiFwvFae@venus.com','$2a$10$8.UnVuG9HHgffUDAlk8qfOuVGkqRzgVymGe07xd00DMxs.AQubh4a', 1),
    ('SBuLeOTOBx@venus.com','$2a$10$8.UnVuG9HHgffUDAlk8qfOuVGkqRzgVymGe07xd00DMxs.AQubh4a', 1),
    ('KtyciGFAOR@venus.com','$2a$10$8.UnVuG9HHgffUDAlk8qfOuVGkqRzgVymGe07xd00DMxs.AQubh4a', 1),
    ('dLwCWQrpEc@venus.com','$2a$10$8.UnVuG9HHgffUDAlk8qfOuVGkqRzgVymGe07xd00DMxs.AQubh4a', 1),
    ('INuhfJCbNi@venus.com','$2a$10$8.UnVuG9HHgffUDAlk8qfOuVGkqRzgVymGe07xd00DMxs.AQubh4a', 1),
    ('CLTCpgfoxU@venus.com','$2a$10$8.UnVuG9HHgffUDAlk8qfOuVGkqRzgVymGe07xd00DMxs.AQubh4a', 1),
    ('UugUIjmpsf@venus.com','$2a$10$8.UnVuG9HHgffUDAlk8qfOuVGkqRzgVymGe07xd00DMxs.AQubh4a', 1),
    ('XpUHkPLSMX@venus.com','$2a$10$8.UnVuG9HHgffUDAlk8qfOuVGkqRzgVymGe07xd00DMxs.AQubh4a', 1),
    ('GxkEqdKRMz@venus.com','$2a$10$8.UnVuG9HHgffUDAlk8qfOuVGkqRzgVymGe07xd00DMxs.AQubh4a', 1),
    ('HAJIBNeHey@venus.com','$2a$10$8.UnVuG9HHgffUDAlk8qfOuVGkqRzgVymGe07xd00DMxs.AQubh4a', 1),
    ('iycpyqWCCH@venus.com','$2a$10$8.UnVuG9HHgffUDAlk8qfOuVGkqRzgVymGe07xd00DMxs.AQubh4a', 1),
    ('QCWleWqJfa@venus.com','$2a$10$8.UnVuG9HHgffUDAlk8qfOuVGkqRzgVymGe07xd00DMxs.AQubh4a', 1),
    ('nmydBFjDUp@venus.com','$2a$10$8.UnVuG9HHgffUDAlk8qfOuVGkqRzgVymGe07xd00DMxs.AQubh4a', 1),
    ('yrCWBbzHiU@venus.com','$2a$10$8.UnVuG9HHgffUDAlk8qfOuVGkqRzgVymGe07xd00DMxs.AQubh4a', 1),
    ('TRUbvnFZqT@venus.com','$2a$10$8.UnVuG9HHgffUDAlk8qfOuVGkqRzgVymGe07xd00DMxs.AQubh4a', 1),
    ('IgoKvqDLEa@venus.com','$2a$10$8.UnVuG9HHgffUDAlk8qfOuVGkqRzgVymGe07xd00DMxs.AQubh4a', 1),
    ('LdeqoKtUCW@venus.com','$2a$10$8.UnVuG9HHgffUDAlk8qfOuVGkqRzgVymGe07xd00DMxs.AQubh4a', 1),
    ('jWEnzxcCjI@venus.com','$2a$10$8.UnVuG9HHgffUDAlk8qfOuVGkqRzgVymGe07xd00DMxs.AQubh4a', 1),
    ('aXBIFvIEyJ@venus.com','$2a$10$8.UnVuG9HHgffUDAlk8qfOuVGkqRzgVymGe07xd00DMxs.AQubh4a', 1),
    ('aVhAvQCvEv@venus.com','$2a$10$8.UnVuG9HHgffUDAlk8qfOuVGkqRzgVymGe07xd00DMxs.AQubh4a', 1),
    ('NWQWPFZjFv@venus.com','$2a$10$8.UnVuG9HHgffUDAlk8qfOuVGkqRzgVymGe07xd00DMxs.AQubh4a', 1),
    ('nGBwMMMOrT@venus.com','$2a$10$8.UnVuG9HHgffUDAlk8qfOuVGkqRzgVymGe07xd00DMxs.AQubh4a', 1),
    ('PGeElwcoiw@venus.com','$2a$10$8.UnVuG9HHgffUDAlk8qfOuVGkqRzgVymGe07xd00DMxs.AQubh4a', 1),
    ('VJzRMwbSyF@venus.com','$2a$10$8.UnVuG9HHgffUDAlk8qfOuVGkqRzgVymGe07xd00DMxs.AQubh4a', 1),
    ('cJZRkfMSXk@venus.com','$2a$10$8.UnVuG9HHgffUDAlk8qfOuVGkqRzgVymGe07xd00DMxs.AQubh4a', 1),
    ('rGPAPSjxWa@venus.com','$2a$10$8.UnVuG9HHgffUDAlk8qfOuVGkqRzgVymGe07xd00DMxs.AQubh4a', 1),
    ('NAHXvpwtNG@venus.com','$2a$10$8.UnVuG9HHgffUDAlk8qfOuVGkqRzgVymGe07xd00DMxs.AQubh4a', 1),
    ('VoGehJHdrd@venus.com','$2a$10$8.UnVuG9HHgffUDAlk8qfOuVGkqRzgVymGe07xd00DMxs.AQubh4a', 1);

INSERT INTO authorities (username, authority) values
    ('admin@venus.com', 'ROLE_ADMIN'),
    ('paulaguilar@venus.com', 'ROLE_STAFF'),
    ('jonoliver@venus.com', 'ROLE_STAFF'),
    ('claudinezhang@venus.com', 'ROLE_STAFF'),
    ('lovelinkumar@venus.com', 'ROLE_STAFF'),
    ('michelkouame@venus.com', 'ROLE_STAFF'),
    ('angelinacosta@venus.com', 'ROLE_STAFF'),
    ('brijeshgupta@venus.com', 'ROLE_STAFF'),
    ('amyfofana@venus.com', 'ROLE_STAFF'),
    ('testuser@venus.com', 'ROLE_USER'),
    ('CczVsH@venus.com', 'ROLE_STAFF'),
    ('taHbqH@venus.com', 'ROLE_STAFF'),
    ('RKfCnW@venus.com', 'ROLE_STAFF'),
    ('BAKyTt@venus.com', 'ROLE_STAFF'),
    ('LqHwZl@venus.com', 'ROLE_STAFF'),
    ('RdXrFh@venus.com', 'ROLE_STAFF'),
    ('cNLaqh@venus.com', 'ROLE_STAFF'),
    ('dTXgbH@venus.com', 'ROLE_STAFF'),
    ('BuNihp@venus.com', 'ROLE_STAFF'),
    ('BsxpAT@venus.com', 'ROLE_STAFF'),
    ('uBqDfq@venus.com', 'ROLE_STAFF'),
    ('rDtlkX@venus.com', 'ROLE_STAFF'),
    ('tCYSiY@venus.com', 'ROLE_STAFF'),
    ('CDaxNR@venus.com', 'ROLE_STAFF'),
    ('FhMzbH@venus.com', 'ROLE_STAFF'),
    ('nqjDJe@venus.com', 'ROLE_STAFF'),
    ('fcUEfX@venus.com', 'ROLE_STAFF'),
    ('KGtRGD@venus.com', 'ROLE_STAFF'),
    ('AHvFHP@venus.com', 'ROLE_STAFF'),
    ('POWkne@venus.com', 'ROLE_STAFF'),
    ('rypAba@venus.com', 'ROLE_STAFF'),
    ('tuRaYv@venus.com', 'ROLE_STAFF'),
    ('OyLQkY@venus.com', 'ROLE_STAFF'),
    ('glNUJz@venus.com', 'ROLE_STAFF'),
    ('pUzdXk@venus.com', 'ROLE_STAFF'),
    ('HikunH@venus.com', 'ROLE_STAFF'),
    ('BqKiDW@venus.com', 'ROLE_STAFF'),
    ('CtWzFe@venus.com', 'ROLE_STAFF'),
    ('ZUepGq@venus.com', 'ROLE_STAFF'),
    ('ntnGgu@venus.com', 'ROLE_STAFF'),
    ('vxKmLI@venus.com', 'ROLE_STAFF'),
    ('wQnTBU@venus.com', 'ROLE_STAFF'),
    ('XaSwJh@venus.com', 'ROLE_STAFF'),
    ('HWcuAJ@venus.com', 'ROLE_STAFF'),
    ('pZXaQw@venus.com', 'ROLE_STAFF'),
    ('WMxPaZ@venus.com', 'ROLE_STAFF'),
    ('XGtrUX@venus.com', 'ROLE_STAFF'),
    ('qOLBgd@venus.com', 'ROLE_STAFF'),
    ('QscQFR@venus.com', 'ROLE_STAFF'),
    ('RnKyfH@venus.com', 'ROLE_STAFF'),
    ('ukRqwP@venus.com', 'ROLE_STAFF'),
    ('vPZFDF@venus.com', 'ROLE_STAFF'),
    ('kfVvll@venus.com', 'ROLE_STAFF'),
    ('VzLEFl@venus.com', 'ROLE_STAFF'),
    ('LeaGCA@venus.com', 'ROLE_STAFF'),
    ('GrvVsS@venus.com', 'ROLE_STAFF'),
    ('pGdDSi@venus.com', 'ROLE_STAFF'),
    ('TxToaI@venus.com', 'ROLE_STAFF'),
    ('XoJbYb@venus.com', 'ROLE_STAFF'),
    ('CxQTYr@venus.com', 'ROLE_STAFF'),
    ('nidGlQ@venus.com', 'ROLE_STAFF'),
    ('YmCtss@venus.com', 'ROLE_STAFF'),
    ('rFfQCK@venus.com', 'ROLE_STAFF'),
    ('NXelAz@venus.com', 'ROLE_STAFF'),
    ('lpRGNA@venus.com', 'ROLE_STAFF'),
    ('qyypCg@venus.com', 'ROLE_STAFF'),
    ('hqNNGW@venus.com', 'ROLE_STAFF'),
    ('bQJSqV@venus.com', 'ROLE_STAFF'),
    ('XDwsDb@venus.com', 'ROLE_STAFF'),
    ('ZKNlUJ@venus.com', 'ROLE_STAFF'),
    ('lbFIQK@venus.com', 'ROLE_STAFF'),
    ('rlUcZn@venus.com', 'ROLE_STAFF'),
    ('IIuqSn@venus.com', 'ROLE_STAFF'),
    ('zGbwHO@venus.com', 'ROLE_STAFF'),
    ('UvqeWn@venus.com', 'ROLE_STAFF'),
    ('sDSWKD@venus.com', 'ROLE_STAFF'),
    ('PQDjCX@venus.com', 'ROLE_STAFF'),
    ('TsYnYJ@venus.com', 'ROLE_STAFF'),
    ('YvzOPa@venus.com', 'ROLE_STAFF'),
    ('feVIqn@venus.com', 'ROLE_STAFF'),
    ('ZclZxl@venus.com', 'ROLE_STAFF'),
    ('nPBnot@venus.com', 'ROLE_STAFF'),
    ('AzhOiq@venus.com', 'ROLE_STAFF'),
    ('ZLIUMk@venus.com', 'ROLE_STAFF'),
    ('isCAnE@venus.com', 'ROLE_STAFF'),
    ('KWQNif@venus.com', 'ROLE_STAFF'),
    ('IrXoCo@venus.com', 'ROLE_STAFF'),
    ('Qyujkk@venus.com', 'ROLE_STAFF'),
    ('dEMvzP@venus.com', 'ROLE_STAFF'),
    ('pfPYmV@venus.com', 'ROLE_STAFF'),
    ('HvYtPe@venus.com', 'ROLE_STAFF'),
    ('DNkLjB@venus.com', 'ROLE_STAFF'),
    ('aGoLLn@venus.com', 'ROLE_STAFF'),
    ('ADMTQx@venus.com', 'ROLE_STAFF'),
    ('hdBASW@venus.com', 'ROLE_STAFF'),
    ('jisFPZ@venus.com', 'ROLE_STAFF'),
    ('MEuSfN@venus.com', 'ROLE_STAFF'),
    ('xvSWGS@venus.com', 'ROLE_STAFF'),
    ('gSLZPw@venus.com', 'ROLE_STAFF'),
    ('WVAJbV@venus.com', 'ROLE_STAFF'),
    ('kzyFsJFpAy@venus.com', 'ROLE_STAFF'),
    ('UGsqUmMxyL@venus.com', 'ROLE_STAFF'),
    ('RrsDxmWuTH@venus.com', 'ROLE_STAFF'),
    ('aELETXNJtR@venus.com', 'ROLE_STAFF'),
    ('KlcMtYqmGR@venus.com', 'ROLE_STAFF'),
    ('TXiVuROdBd@venus.com', 'ROLE_STAFF'),
    ('hjsiLEEWXO@venus.com', 'ROLE_STAFF'),
    ('uABYdJzhsg@venus.com', 'ROLE_STAFF'),
    ('ShqyASndej@venus.com', 'ROLE_STAFF'),
    ('jwbyRHyyWd@venus.com', 'ROLE_STAFF'),
    ('kdozekcrti@venus.com', 'ROLE_STAFF'),
    ('qqYCCEiWqS@venus.com', 'ROLE_STAFF'),
    ('HixztYtiQG@venus.com', 'ROLE_STAFF'),
    ('yfmACpYsrc@venus.com', 'ROLE_STAFF'),
    ('AOuiIZjJNX@venus.com', 'ROLE_STAFF'),
    ('HGwnqKzwcT@venus.com', 'ROLE_STAFF'),
    ('rYpjmZNPsM@venus.com', 'ROLE_STAFF'),
    ('uhXRfONrLE@venus.com', 'ROLE_STAFF'),
    ('ovVTYwIjip@venus.com', 'ROLE_STAFF'),
    ('pLjXJSEcui@venus.com', 'ROLE_STAFF'),
    ('HYmPSfjNQw@venus.com', 'ROLE_STAFF'),
    ('EWUKBTRwuA@venus.com', 'ROLE_STAFF'),
    ('GGqwqDmovE@venus.com', 'ROLE_STAFF'),
    ('Soiguuvmgp@venus.com', 'ROLE_STAFF'),
    ('cxZFmkpRHR@venus.com', 'ROLE_STAFF'),
    ('iLLbwHJvZM@venus.com', 'ROLE_STAFF'),
    ('zuYbnuxMbD@venus.com', 'ROLE_STAFF'),
    ('zCzLxIpROs@venus.com', 'ROLE_STAFF'),
    ('RNbQNdvSpp@venus.com', 'ROLE_STAFF'),
    ('POSuGfbpXZ@venus.com', 'ROLE_STAFF'),
    ('ujTSGWCQNO@venus.com', 'ROLE_STAFF'),
    ('bHgCJCndUh@venus.com', 'ROLE_STAFF'),
    ('iUVFMmCNTA@venus.com', 'ROLE_STAFF'),
    ('OGixRIqfhu@venus.com', 'ROLE_STAFF'),
    ('DffWTPCDlG@venus.com', 'ROLE_STAFF'),
    ('GuncyrSAlU@venus.com', 'ROLE_STAFF'),
    ('aMNIHmcKHR@venus.com', 'ROLE_STAFF'),
    ('iaQbNuViLa@venus.com', 'ROLE_STAFF'),
    ('TJcpOIznEl@venus.com', 'ROLE_STAFF'),
    ('fxaNbZgJNx@venus.com', 'ROLE_STAFF'),
    ('ycaajqzlGQ@venus.com', 'ROLE_STAFF'),
    ('GMjbqpCmvL@venus.com', 'ROLE_STAFF'),
    ('FrxeCOuzIb@venus.com', 'ROLE_STAFF'),
    ('FCXeCMbzZy@venus.com', 'ROLE_STAFF'),
    ('IKKhKxlTvX@venus.com', 'ROLE_STAFF'),
    ('DsotpdQlYi@venus.com', 'ROLE_STAFF'),
    ('RQOIkqwZjO@venus.com', 'ROLE_STAFF'),
    ('BUsaNYQixZ@venus.com', 'ROLE_STAFF'),
    ('MpgFxRSwwS@venus.com', 'ROLE_STAFF'),
    ('YhdwdjIYcW@venus.com', 'ROLE_STAFF'),
    ('xKustFVQEK@venus.com', 'ROLE_STAFF'),
    ('lQJkYtDBjs@venus.com', 'ROLE_STAFF'),
    ('LgoimPSbiR@venus.com', 'ROLE_STAFF'),
    ('KIfBPDayBR@venus.com', 'ROLE_STAFF'),
    ('bruUZuXDJw@venus.com', 'ROLE_STAFF'),
    ('UJBFhvJVnj@venus.com', 'ROLE_STAFF'),
    ('oiGXcymHQE@venus.com', 'ROLE_STAFF'),
    ('bwYfmUhvmX@venus.com', 'ROLE_STAFF'),
    ('uLcAtTAUsN@venus.com', 'ROLE_STAFF'),
    ('vlYojFtdMy@venus.com', 'ROLE_STAFF'),
    ('PCqKPTNGVp@venus.com', 'ROLE_STAFF'),
    ('tXGUYjWYGM@venus.com', 'ROLE_STAFF'),
    ('NGMehQQvrG@venus.com', 'ROLE_STAFF'),
    ('ibNrbPFWwI@venus.com', 'ROLE_STAFF'),
    ('XJXKbepEpT@venus.com', 'ROLE_STAFF'),
    ('kJSFFpeygx@venus.com', 'ROLE_STAFF'),
    ('ayCGQLdNpX@venus.com', 'ROLE_STAFF'),
    ('GMBaaZuJLJ@venus.com', 'ROLE_STAFF'),
    ('yWmBHylLWq@venus.com', 'ROLE_STAFF'),
    ('OwkqeFqFug@venus.com', 'ROLE_STAFF'),
    ('dUkpQwhVGi@venus.com', 'ROLE_STAFF'),
    ('WoBMrffPrE@venus.com', 'ROLE_STAFF'),
    ('pSTXXrymWU@venus.com', 'ROLE_STAFF'),
    ('ANdSvmHdhY@venus.com', 'ROLE_STAFF'),
    ('CfCPfBClOK@venus.com', 'ROLE_STAFF'),
    ('gfXOWAaBiY@venus.com', 'ROLE_STAFF'),
    ('dGDWcVWBDd@venus.com', 'ROLE_STAFF'), 
    ('ZbEzGraFNx@venus.com', 'ROLE_STAFF'),
    ('ZkWXpIUVyU@venus.com', 'ROLE_STAFF'),
    ('WKXqCxZyYP@venus.com', 'ROLE_STAFF'),
    ('HLDwGWzJVI@venus.com', 'ROLE_STAFF'),
    ('gWKbdhbxnB@venus.com', 'ROLE_STAFF'),
    ('TmEyTTKvZs@venus.com', 'ROLE_STAFF'),
    ('NamJHjtiAu@venus.com', 'ROLE_STAFF'),
    ('ZOgomJumne@venus.com', 'ROLE_STAFF'),
    ('SYelBSbVnc@venus.com', 'ROLE_STAFF'),
    ('ciEOcdopWx@venus.com', 'ROLE_STAFF'),
    ('pVNUgdvHlj@venus.com', 'ROLE_STAFF'),
    ('JwyoHCfrJw@venus.com', 'ROLE_STAFF'),
    ('LTKJLDoGiF@venus.com', 'ROLE_STAFF'),
    ('dQPYuGSbwW@venus.com', 'ROLE_STAFF'),
    ('ZrsCalaunu@venus.com', 'ROLE_STAFF'),
    ('CHVesJBbHD@venus.com', 'ROLE_STAFF'),
    ('ovGDiSqjkO@venus.com', 'ROLE_STAFF'),
    ('GbJHwuNlXd@venus.com', 'ROLE_STAFF'),
    ('pedhWdNFpa@venus.com', 'ROLE_STAFF'),
    ('EHmgXVKiip@venus.com', 'ROLE_STAFF'),
    ('czuvoeBbsc@venus.com', 'ROLE_STAFF'),
    ('jgVzofVxRZ@venus.com', 'ROLE_STAFF'),
    ('anZWrdHDCq@venus.com', 'ROLE_STAFF'),
    ('ryuzPXvqzy@venus.com', 'ROLE_STAFF'),
    ('ecuxYqEvOL@venus.com', 'ROLE_STAFF'),
    ('XZJPKVsiKD@venus.com', 'ROLE_STAFF'),
    ('HCDCjqHhsg@venus.com', 'ROLE_STAFF'),
    ('WoyNrweYol@venus.com', 'ROLE_STAFF'),
    ('PgwJryPoRe@venus.com', 'ROLE_STAFF'),
    ('lfVfpAtZqJ@venus.com', 'ROLE_STAFF'),
    ('gEkkIlYMCK@venus.com', 'ROLE_STAFF'),
    ('rbcPpwzZxY@venus.com', 'ROLE_STAFF'),
    ('rgGHdTLzOe@venus.com', 'ROLE_STAFF'),
    ('yjIMogGzXc@venus.com', 'ROLE_STAFF'),
    ('WARKtkEPmX@venus.com', 'ROLE_STAFF'),
    ('ZtgoxvIBOw@venus.com', 'ROLE_STAFF'),
    ('CfoUdhSjeI@venus.com', 'ROLE_STAFF'),
    ('pGrZSQutAO@venus.com', 'ROLE_STAFF'),
    ('GfgKJfzSXe@venus.com', 'ROLE_STAFF'),
    ('gRfPUwpFoQ@venus.com', 'ROLE_STAFF'),
    ('pimxBrzFQb@venus.com', 'ROLE_STAFF'),
    ('NpxGobHfhH@venus.com', 'ROLE_STAFF'),
    ('SrnujKRjpB@venus.com', 'ROLE_STAFF'),
    ('ueVPeLVQgz@venus.com', 'ROLE_STAFF'),
    ('vklHsxfLVn@venus.com', 'ROLE_STAFF'),
    ('ZgLLleAQBx@venus.com', 'ROLE_STAFF'),
    ('YVNaUIYetv@venus.com', 'ROLE_STAFF'),
    ('TyUZQGSEwq@venus.com', 'ROLE_STAFF'),
    ('igZPGJHlOp@venus.com', 'ROLE_STAFF'),
    ('hodQvPFZAl@venus.com', 'ROLE_STAFF'),
    ('jdcsVCPbzE@venus.com', 'ROLE_STAFF'),
    ('PGODKjcIjd@venus.com', 'ROLE_STAFF'),
    ('uXuVbwqmHe@venus.com', 'ROLE_STAFF'),
    ('vSjHuQlRNd@venus.com', 'ROLE_STAFF'),
    ('WHmpsBQyJy@venus.com', 'ROLE_STAFF'),
    ('jhESlNYiBO@venus.com', 'ROLE_STAFF'),
    ('pXpgnjhREO@venus.com', 'ROLE_STAFF'),
    ('SvBjMcouYU@venus.com', 'ROLE_STAFF'),
    ('EjdjcJBfxg@venus.com', 'ROLE_STAFF'),
    ('GIsLFpKSSd@venus.com', 'ROLE_STAFF'),
    ('SMEQmjfMPj@venus.com', 'ROLE_STAFF'),
    ('YWVtQzKDKk@venus.com', 'ROLE_STAFF'),
    ('cxKtACBRjp@venus.com', 'ROLE_STAFF'),
    ('orshMGaAex@venus.com', 'ROLE_STAFF'),
    ('EFFDDwxavI@venus.com', 'ROLE_STAFF'),
    ('KULziMbeze@venus.com', 'ROLE_STAFF'),
    ('tLCFiOUZgS@venus.com', 'ROLE_STAFF'),
    ('gHrDnBNJla@venus.com', 'ROLE_STAFF'),
    ('PPJfOGnLJG@venus.com', 'ROLE_STAFF'),
    ('aPexfsPsHd@venus.com', 'ROLE_STAFF'),
    ('VKfjqCOvgy@venus.com', 'ROLE_STAFF'),
    ('ZmqXeCJezy@venus.com', 'ROLE_STAFF'),
    ('ybQEkkfhGY@venus.com', 'ROLE_STAFF'),
    ('TVRAjSJPpT@venus.com', 'ROLE_STAFF'),
    ('ICwbvPmoSz@venus.com', 'ROLE_STAFF'),
    ('yYoztMGlqN@venus.com', 'ROLE_STAFF'),
    ('LSGwphLLNi@venus.com', 'ROLE_STAFF'),
    ('HUHXmnBmKs@venus.com', 'ROLE_STAFF'),
    ('uqIJEwEnzt@venus.com', 'ROLE_STAFF'),
    ('DOcYemXAvN@venus.com', 'ROLE_STAFF'),
    ('IlcvzsIJoc@venus.com', 'ROLE_STAFF'),
    ('kwZhDkulXV@venus.com', 'ROLE_STAFF'),
    ('lPpzpBYbbZ@venus.com', 'ROLE_STAFF'),
    ('GxgtEKvtik@venus.com', 'ROLE_STAFF'),
    ('nojWdJjsHf@venus.com', 'ROLE_STAFF'),
    ('KiCLZzAGaZ@venus.com', 'ROLE_STAFF'),
    ('JKncBzpGlT@venus.com', 'ROLE_STAFF'),
    ('FZXflTJrzf@venus.com', 'ROLE_STAFF'),
    ('GsrjpWVlbm@venus.com', 'ROLE_STAFF'),
    ('gfjdeIZGha@venus.com', 'ROLE_STAFF'),
    ('XrqwlQFXnY@venus.com', 'ROLE_STAFF'),
    ('MbZmJXUIzR@venus.com', 'ROLE_STAFF'),
    ('zwvXWgaSJK@venus.com', 'ROLE_STAFF'),
    ('duDLgGWxmY@venus.com', 'ROLE_STAFF'),
    ('GyZqSUhHbQ@venus.com', 'ROLE_STAFF'),
    ('xburALNvNm@venus.com', 'ROLE_STAFF'),
    ('YqSTtNtcgR@venus.com', 'ROLE_STAFF'),
    ('tzkHASLEmK@venus.com', 'ROLE_STAFF'),
    ('OIYlvrXmpz@venus.com', 'ROLE_STAFF'),
    ('uWGxDpRMTz@venus.com', 'ROLE_STAFF'),
    ('IQlSvPVTUd@venus.com', 'ROLE_STAFF'),
    ('adVDfFBRah@venus.com', 'ROLE_STAFF'),
    ('tshPqDASEo@venus.com', 'ROLE_STAFF'),
    ('kaIbPbciQy@venus.com', 'ROLE_STAFF'),
    ('kHphCSEhPg@venus.com', 'ROLE_STAFF'),
    ('ZbGjdFxipP@venus.com', 'ROLE_STAFF'),
    ('KgpMOhiFix@venus.com', 'ROLE_STAFF'),
    ('kpcBVAUNfK@venus.com', 'ROLE_STAFF'),
    ('iIabmhvZsd@venus.com', 'ROLE_STAFF'),
    ('QwTgWyIfIf@venus.com', 'ROLE_STAFF'),
    ('zabkchCbDY@venus.com', 'ROLE_STAFF'),
    ('SMeUmLpNKe@venus.com', 'ROLE_STAFF'),
    ('wUcASjVQUz@venus.com', 'ROLE_STAFF'),
    ('RVJHzVTkwr@venus.com', 'ROLE_STAFF'),
    ('pNBoPKGeKL@venus.com', 'ROLE_STAFF'),
    ('GMLSJMoEZm@venus.com', 'ROLE_STAFF'),
    ('DVofbTRopW@venus.com', 'ROLE_STAFF'),
    ('NLWUeeZECS@venus.com', 'ROLE_STAFF'),
    ('oLDfLIuxIL@venus.com', 'ROLE_STAFF'),
    ('xVZjkCLRAK@venus.com', 'ROLE_STAFF'),
    ('ZEQjIuXtwW@venus.com', 'ROLE_STAFF'),
    ('jEeqBUynTK@venus.com', 'ROLE_STAFF'),
    ('XbVDslYafi@venus.com', 'ROLE_STAFF'),
    ('ReRvEUYfzk@venus.com', 'ROLE_STAFF'),
    ('KLxMGeVxbA@venus.com', 'ROLE_STAFF'),
    ('FKVqrsVNGu@venus.com', 'ROLE_STAFF'),
    ('WHguXzJaiS@venus.com', 'ROLE_STAFF'),
    ('CwMbARNYfG@venus.com', 'ROLE_STAFF'),
    ('jMAUFbwfpV@venus.com', 'ROLE_STAFF'),
    ('oXjJKmstsw@venus.com', 'ROLE_STAFF'),
    ('jpKgpdgzEt@venus.com', 'ROLE_STAFF'),
    ('RUablAhnBN@venus.com', 'ROLE_STAFF'),
    ('wvywVkLznQ@venus.com', 'ROLE_STAFF'),
    ('MohoSQmUhW@venus.com', 'ROLE_STAFF'),
    ('kZHpKplMwl@venus.com', 'ROLE_STAFF'),
    ('aYJhILXBSu@venus.com', 'ROLE_STAFF'),
    ('dOdDeROEcF@venus.com', 'ROLE_STAFF'),
    ('FCTNJVHuQs@venus.com', 'ROLE_STAFF'),
    ('aFbazKXCiZ@venus.com', 'ROLE_STAFF'),
    ('DeSfeIAyYe@venus.com', 'ROLE_STAFF'),
    ('NTLAFnrBaS@venus.com', 'ROLE_STAFF'),
    ('OWbqfxrmaO@venus.com', 'ROLE_STAFF'),
    ('qKraxrRwjS@venus.com', 'ROLE_STAFF'),
    ('fUkzDqWTjn@venus.com', 'ROLE_STAFF'),
    ('AmCNBaRYHe@venus.com', 'ROLE_STAFF'),
    ('RBWwdEZnFQ@venus.com', 'ROLE_STAFF'),
    ('fxOCbhFOon@venus.com', 'ROLE_STAFF'),
    ('KbHMwqZgdS@venus.com', 'ROLE_STAFF'),
    ('DlXBGMmzCm@venus.com', 'ROLE_STAFF'),
    ('gmQrjWvwZB@venus.com', 'ROLE_STAFF'),
    ('xHslgPAHMw@venus.com', 'ROLE_STAFF'),
    ('RRJmQQWaDU@venus.com', 'ROLE_STAFF'),
    ('DqSBpEVxGl@venus.com', 'ROLE_STAFF'),
    ('rZmxvvilPH@venus.com', 'ROLE_STAFF'),
    ('MilehudCwg@venus.com', 'ROLE_STAFF'),
    ('zFsByweRHM@venus.com', 'ROLE_STAFF'),
    ('GgUlFKETwC@venus.com', 'ROLE_STAFF'),
    ('jnqGwmeikj@venus.com', 'ROLE_STAFF'),
    ('CcOLDHbwfN@venus.com', 'ROLE_STAFF'),
    ('MDcUAYeiaz@venus.com', 'ROLE_STAFF'),
    ('JklTPEvMUv@venus.com', 'ROLE_STAFF'),
    ('CjYToSkLej@venus.com', 'ROLE_STAFF'),
    ('whQRDLaIfA@venus.com', 'ROLE_STAFF'),
    ('VfiGvHEOMB@venus.com', 'ROLE_STAFF'),
    ('WusCUyezEA@venus.com', 'ROLE_STAFF'),
    ('GFJXvFJbXf@venus.com', 'ROLE_STAFF'),
    ('gqsnCsinbR@venus.com', 'ROLE_STAFF'),
    ('PRzKSUkQkY@venus.com', 'ROLE_STAFF'),
    ('ewcptIYLSo@venus.com', 'ROLE_STAFF'),
    ('TdmAKQFQtw@venus.com', 'ROLE_STAFF'),
    ('YxEnbPkDoc@venus.com', 'ROLE_STAFF'),
    ('JIQRukGRkJ@venus.com', 'ROLE_STAFF'),
    ('OTbkvmEyok@venus.com', 'ROLE_STAFF'),
    ('vzNLcrpKnO@venus.com', 'ROLE_STAFF'),
    ('YkaoqISLHo@venus.com', 'ROLE_STAFF'),
    ('iMcFauyUlA@venus.com', 'ROLE_STAFF'),
    ('XhNWCobPeA@venus.com', 'ROLE_STAFF'),
    ('LCmvkGYfdx@venus.com', 'ROLE_STAFF'),
    ('kmFhzbymak@venus.com', 'ROLE_STAFF'),
    ('WsguYLdPjC@venus.com', 'ROLE_STAFF'),
    ('TdFqKyWyRt@venus.com', 'ROLE_STAFF'),
    ('MSEMhrubYF@venus.com', 'ROLE_STAFF'),
    ('KyyMbfuJAk@venus.com', 'ROLE_STAFF'),
    ('iCSennsqFJ@venus.com', 'ROLE_STAFF'),
    ('yGrBAMBzRf@venus.com', 'ROLE_STAFF'),
    ('fWvKxRSAmw@venus.com', 'ROLE_STAFF'),
    ('WEmWucQYRT@venus.com', 'ROLE_STAFF'),
    ('OJHVJFpetK@venus.com', 'ROLE_STAFF'),
    ('VYenpTFtOT@venus.com', 'ROLE_STAFF'),
    ('ggmIqOmnut@venus.com', 'ROLE_STAFF'),
    ('mravzJLGBE@venus.com', 'ROLE_STAFF'),
    ('jsEBnfEdDc@venus.com', 'ROLE_STAFF'),
    ('OXpGDDjlVf@venus.com', 'ROLE_STAFF'),
    ('JsBaXLUYQL@venus.com', 'ROLE_STAFF'),
    ('ljPeTGbhLB@venus.com', 'ROLE_STAFF'),
    ('kEgvwlLRVp@venus.com', 'ROLE_STAFF'),
    ('VkWAbpYyng@venus.com', 'ROLE_STAFF'),
    ('pVjRsGJEnA@venus.com', 'ROLE_STAFF'),
    ('BPHpuUKzbd@venus.com', 'ROLE_STAFF'),
    ('qaRZgjPrEe@venus.com', 'ROLE_STAFF'),
    ('qtIhjwnUsl@venus.com', 'ROLE_STAFF'),
    ('ggxlgUwsnn@venus.com', 'ROLE_STAFF'),
    ('leuVBCMroA@venus.com', 'ROLE_STAFF'),
    ('BLfhbMVCYl@venus.com', 'ROLE_STAFF'),
    ('rTCnCxRMTd@venus.com', 'ROLE_STAFF'),
    ('GemDnDvjfG@venus.com', 'ROLE_STAFF'),
    ('zCdvDzyOnu@venus.com', 'ROLE_STAFF'),
    ('QXtycyjtaM@venus.com', 'ROLE_STAFF'),
    ('LgigaIqbgg@venus.com', 'ROLE_STAFF'),
    ('JrSpVwKvWT@venus.com', 'ROLE_STAFF'),
    ('bONLhoWtFx@venus.com', 'ROLE_STAFF'),
    ('ZvoaMRdPlK@venus.com', 'ROLE_STAFF'),
    ('DSSlpCSeOD@venus.com', 'ROLE_STAFF'),
    ('TWYPNwClwm@venus.com', 'ROLE_STAFF'),
    ('OpEpaealCB@venus.com', 'ROLE_STAFF'),
    ('vWyMtmobJc@venus.com', 'ROLE_STAFF'),
    ('GWBNgGbEMt@venus.com', 'ROLE_STAFF'),
    ('crkHlTBzDr@venus.com', 'ROLE_STAFF'),
    ('TMZoOSlkjd@venus.com', 'ROLE_STAFF'),
    ('SZOFJKcLNg@venus.com', 'ROLE_STAFF'),
    ('wQlmMvvUlM@venus.com', 'ROLE_STAFF'),
    ('YRdiPvuJYi@venus.com', 'ROLE_STAFF'),
    ('DcJJoigfuM@venus.com', 'ROLE_STAFF'),
    ('LyuGYcnIoE@venus.com', 'ROLE_STAFF'),
    ('oAtFnpZjnd@venus.com', 'ROLE_STAFF'),
    ('dbAixHXYhX@venus.com', 'ROLE_STAFF'),
    ('xgFOcCzKoB@venus.com', 'ROLE_STAFF'),
    ('DUUaHlmlkt@venus.com', 'ROLE_STAFF'),
    ('hhkwMqkwLq@venus.com', 'ROLE_STAFF'),
    ('mMzpjIZboq@venus.com', 'ROLE_STAFF'),
    ('ePlmIeSflq@venus.com', 'ROLE_STAFF'),
    ('FwZYQnLhYL@venus.com', 'ROLE_STAFF'),
    ('FWefBLlSCh@venus.com', 'ROLE_STAFF'),
    ('qpAhGjYZOz@venus.com', 'ROLE_STAFF'),
    ('btiTdvfmUK@venus.com', 'ROLE_STAFF'),
    ('FBlbLmZGBv@venus.com', 'ROLE_STAFF'),
    ('VYsfpFiZtQ@venus.com', 'ROLE_STAFF'),
    ('xCEaBScths@venus.com', 'ROLE_STAFF'),
    ('tQrUrknxua@venus.com', 'ROLE_STAFF'),
    ('GQzxITndcJ@venus.com', 'ROLE_STAFF'),
    ('ZNGyElikdS@venus.com', 'ROLE_STAFF'),
    ('PjpaCxJfuw@venus.com', 'ROLE_STAFF'),
    ('tPvfKbFnKH@venus.com', 'ROLE_STAFF'),
    ('uQEwLbYSbD@venus.com', 'ROLE_STAFF'),
    ('GdyiUpYpwI@venus.com', 'ROLE_STAFF'),
    ('SvIhBIxYEh@venus.com', 'ROLE_STAFF'),
    ('SKOccoURvd@venus.com', 'ROLE_STAFF'),
    ('dqAFLeBunM@venus.com', 'ROLE_STAFF'),
    ('FgUXSacGuM@venus.com', 'ROLE_STAFF'),
    ('osBVAjRonz@venus.com', 'ROLE_STAFF'),
    ('TmguXbEdBe@venus.com', 'ROLE_STAFF'),
    ('fsnBBtImeg@venus.com', 'ROLE_STAFF'),
    ('KDFDwhyEkJ@venus.com', 'ROLE_STAFF'),
    ('hBPWqWFiVk@venus.com', 'ROLE_STAFF'),
    ('AqPxODceGY@venus.com', 'ROLE_STAFF'),
    ('UJQBTvMvEa@venus.com', 'ROLE_STAFF'),
    ('ugPWPxJSiC@venus.com', 'ROLE_STAFF'),
    ('ODrzYBPPOW@venus.com', 'ROLE_STAFF'),
    ('WvkAFdWGUu@venus.com', 'ROLE_STAFF'),
    ('vrwXMKHzOw@venus.com', 'ROLE_STAFF'),
    ('bKWbcheIXB@venus.com', 'ROLE_STAFF'),
    ('lboXpIQOCr@venus.com', 'ROLE_STAFF'),
    ('cIjZkGGCqs@venus.com', 'ROLE_STAFF'),
    ('KZVBaunVRj@venus.com', 'ROLE_STAFF'),
    ('JLHyvpoZdS@venus.com', 'ROLE_STAFF'),
    ('QPeZNRjfPW@venus.com', 'ROLE_STAFF'),
    ('BmPNhXtpcq@venus.com', 'ROLE_STAFF'),
    ('nXDZpvQrpo@venus.com', 'ROLE_STAFF'),
    ('EeFmAaAESO@venus.com', 'ROLE_STAFF'),
    ('kJMysLjUYJ@venus.com', 'ROLE_STAFF'),
    ('ZDPoAhmEqn@venus.com', 'ROLE_STAFF'),
    ('fvbReqjXiS@venus.com', 'ROLE_STAFF'),
    ('mpDXcZCFeG@venus.com', 'ROLE_STAFF'),
    ('ASjwIqoMeK@venus.com', 'ROLE_STAFF'),
    ('PNAhhHiwOe@venus.com', 'ROLE_STAFF'),
    ('djKoVKLyxA@venus.com', 'ROLE_STAFF'),
    ('CrEsoIZpph@venus.com', 'ROLE_STAFF'),
    ('CgVnPcmpUu@venus.com', 'ROLE_STAFF'),
    ('UtCERcGuEy@venus.com', 'ROLE_STAFF'),
    ('PqrOaaFgpy@venus.com', 'ROLE_STAFF'),
    ('yKfMMwiKIL@venus.com', 'ROLE_STAFF'),
    ('UEiXHmOuDU@venus.com', 'ROLE_STAFF'),
    ('IWYVeqvyat@venus.com', 'ROLE_STAFF'),
    ('qjuYWcrxfq@venus.com', 'ROLE_STAFF'),
    ('uiIkolZCcK@venus.com', 'ROLE_STAFF'),
    ('wEgCLwVDly@venus.com', 'ROLE_STAFF'),
    ('zWDiGMzlya@venus.com', 'ROLE_STAFF'),
    ('fasfalMwRJ@venus.com', 'ROLE_STAFF'),
    ('LMDVzdIhWi@venus.com', 'ROLE_STAFF'),
    ('CHptfKnKYv@venus.com', 'ROLE_STAFF'),
    ('LaHJUMsRvw@venus.com', 'ROLE_STAFF'),
    ('ljwUHSNqRt@venus.com', 'ROLE_STAFF'),
    ('FcPNzuMxjM@venus.com', 'ROLE_STAFF'),
    ('xfRCZDEbpJ@venus.com', 'ROLE_STAFF'),
    ('mGFqIlRDZd@venus.com', 'ROLE_STAFF'),
    ('KssiFwvFae@venus.com', 'ROLE_STAFF'),
    ('SBuLeOTOBx@venus.com', 'ROLE_STAFF'),
    ('KtyciGFAOR@venus.com', 'ROLE_STAFF'),
    ('dLwCWQrpEc@venus.com', 'ROLE_STAFF'),
    ('INuhfJCbNi@venus.com', 'ROLE_STAFF'),
    ('CLTCpgfoxU@venus.com', 'ROLE_STAFF'),
    ('UugUIjmpsf@venus.com', 'ROLE_STAFF'),
    ('XpUHkPLSMX@venus.com', 'ROLE_STAFF'),
    ('GxkEqdKRMz@venus.com', 'ROLE_STAFF'),
    ('HAJIBNeHey@venus.com', 'ROLE_STAFF'),
    ('iycpyqWCCH@venus.com', 'ROLE_STAFF'),
    ('QCWleWqJfa@venus.com', 'ROLE_STAFF'),
    ('nmydBFjDUp@venus.com', 'ROLE_STAFF'),
    ('yrCWBbzHiU@venus.com', 'ROLE_STAFF'),
    ('TRUbvnFZqT@venus.com', 'ROLE_STAFF'),
    ('IgoKvqDLEa@venus.com', 'ROLE_STAFF'),
    ('LdeqoKtUCW@venus.com', 'ROLE_STAFF'),
    ('jWEnzxcCjI@venus.com', 'ROLE_STAFF'),
    ('aXBIFvIEyJ@venus.com', 'ROLE_STAFF'),
    ('aVhAvQCvEv@venus.com', 'ROLE_STAFF'),
    ('NWQWPFZjFv@venus.com', 'ROLE_STAFF'),
    ('nGBwMMMOrT@venus.com', 'ROLE_STAFF'),
    ('PGeElwcoiw@venus.com', 'ROLE_STAFF'),
    ('VJzRMwbSyF@venus.com', 'ROLE_STAFF'),
    ('cJZRkfMSXk@venus.com', 'ROLE_STAFF'),
    ('rGPAPSjxWa@venus.com', 'ROLE_STAFF'),
    ('NAHXvpwtNG@venus.com', 'ROLE_STAFF'),
    ('VoGehJHdrd@venus.com', 'ROLE_STAFF');



INSERT INTO userinfo (username, firstname, lastname) values
    ('admin@venus.com', 'admin' , 'admin'),
    ('paulaguilar@venus.com', 'Paul', 'Aguilar'),
    ('jonoliver@venus.com', 'Jon', 'Oliver'),
    ('claudinezhang@venus.com', 'Claudine', 'Zhang'),
    ('lovelinkumar@venus.com', 'Lovelin', 'Kumar'),
    ('michelkouame@venus.com', 'Michel', 'Kouame'),
    ('angelinacosta@venus.com', 'Angelina', 'Costa'),
    ('brijeshgupta@venus.com', 'Brijesh', 'Gupta'),
    ('amyfofana@venus.com', 'Amy', 'Fofana'),
    ('testuser@venus.com', 'testuser', 'testuser'),
    ('CczVsH@venus.com', 'CczVsH@venus.com', 'ROLE_STAFF'),
    ('taHbqH@venus.com', 'taHbqH@venus.com', 'ROLE_STAFF'),
    ('RKfCnW@venus.com', 'RKfCnW@venus.com', 'ROLE_STAFF'),
    ('BAKyTt@venus.com', 'BAKyTt@venus.com', 'ROLE_STAFF'),
    ('LqHwZl@venus.com', 'LqHwZl@venus.com', 'ROLE_STAFF'),
    ('RdXrFh@venus.com', 'RdXrFh@venus.com', 'ROLE_STAFF'),
    ('cNLaqh@venus.com', 'cNLaqh@venus.com', 'ROLE_STAFF'),
    ('dTXgbH@venus.com', 'dTXgbH@venus.com', 'ROLE_STAFF'),
    ('BuNihp@venus.com', 'BuNihp@venus.com', 'ROLE_STAFF'),
    ('BsxpAT@venus.com', 'BsxpAT@venus.com', 'ROLE_STAFF'),
    ('uBqDfq@venus.com', 'uBqDfq@venus.com', 'ROLE_STAFF'),
    ('rDtlkX@venus.com', 'rDtlkX@venus.com', 'ROLE_STAFF'),
    ('tCYSiY@venus.com', 'tCYSiY@venus.com', 'ROLE_STAFF'),
    ('CDaxNR@venus.com', 'CDaxNR@venus.com', 'ROLE_STAFF'),
    ('FhMzbH@venus.com', 'FhMzbH@venus.com', 'ROLE_STAFF'),
    ('nqjDJe@venus.com', 'nqjDJe@venus.com', 'ROLE_STAFF'),
    ('fcUEfX@venus.com', 'fcUEfX@venus.com', 'ROLE_STAFF'),
    ('KGtRGD@venus.com', 'KGtRGD@venus.com', 'ROLE_STAFF'),
    ('AHvFHP@venus.com', 'AHvFHP@venus.com', 'ROLE_STAFF'),
    ('POWkne@venus.com', 'POWkne@venus.com', 'ROLE_STAFF'),
    ('rypAba@venus.com', 'rypAba@venus.com', 'ROLE_STAFF'),
    ('tuRaYv@venus.com', 'tuRaYv@venus.com', 'ROLE_STAFF'),
    ('OyLQkY@venus.com', 'OyLQkY@venus.com', 'ROLE_STAFF'),
    ('glNUJz@venus.com', 'glNUJz@venus.com', 'ROLE_STAFF'),
    ('pUzdXk@venus.com', 'pUzdXk@venus.com', 'ROLE_STAFF'),
    ('HikunH@venus.com', 'HikunH@venus.com', 'ROLE_STAFF'),
    ('BqKiDW@venus.com', 'BqKiDW@venus.com', 'ROLE_STAFF'),
    ('CtWzFe@venus.com', 'CtWzFe@venus.com', 'ROLE_STAFF'),
    ('ZUepGq@venus.com', 'ZUepGq@venus.com', 'ROLE_STAFF'),
    ('ntnGgu@venus.com', 'ntnGgu@venus.com', 'ROLE_STAFF'),
    ('vxKmLI@venus.com', 'vxKmLI@venus.com', 'ROLE_STAFF'),
    ('wQnTBU@venus.com', 'wQnTBU@venus.com', 'ROLE_STAFF'),
    ('XaSwJh@venus.com', 'XaSwJh@venus.com', 'ROLE_STAFF'),
    ('HWcuAJ@venus.com', 'HWcuAJ@venus.com', 'ROLE_STAFF'),
    ('pZXaQw@venus.com', 'pZXaQw@venus.com', 'ROLE_STAFF'),
    ('WMxPaZ@venus.com', 'WMxPaZ@venus.com', 'ROLE_STAFF'),
    ('XGtrUX@venus.com', 'XGtrUX@venus.com', 'ROLE_STAFF'),
    ('qOLBgd@venus.com', 'qOLBgd@venus.com', 'ROLE_STAFF'),
    ('QscQFR@venus.com', 'QscQFR@venus.com', 'ROLE_STAFF'),
    ('RnKyfH@venus.com', 'RnKyfH@venus.com', 'ROLE_STAFF'),
    ('ukRqwP@venus.com', 'ukRqwP@venus.com', 'ROLE_STAFF'),
    ('vPZFDF@venus.com', 'vPZFDF@venus.com', 'ROLE_STAFF'),
    ('kfVvll@venus.com', 'kfVvll@venus.com', 'ROLE_STAFF'),
    ('VzLEFl@venus.com', 'VzLEFl@venus.com', 'ROLE_STAFF'),
    ('LeaGCA@venus.com', 'LeaGCA@venus.com', 'ROLE_STAFF'),
    ('GrvVsS@venus.com', 'GrvVsS@venus.com', 'ROLE_STAFF'),
    ('pGdDSi@venus.com', 'pGdDSi@venus.com', 'ROLE_STAFF'),
    ('TxToaI@venus.com', 'TxToaI@venus.com', 'ROLE_STAFF'),
    ('XoJbYb@venus.com', 'XoJbYb@venus.com', 'ROLE_STAFF'),
    ('CxQTYr@venus.com', 'CxQTYr@venus.com', 'ROLE_STAFF'),
    ('nidGlQ@venus.com', 'nidGlQ@venus.com', 'ROLE_STAFF'),
    ('YmCtss@venus.com', 'YmCtss@venus.com', 'ROLE_STAFF'),
    ('rFfQCK@venus.com', 'rFfQCK@venus.com', 'ROLE_STAFF'),
    ('NXelAz@venus.com', 'NXelAz@venus.com', 'ROLE_STAFF'),
    ('lpRGNA@venus.com', 'lpRGNA@venus.com', 'ROLE_STAFF'),
    ('qyypCg@venus.com', 'qyypCg@venus.com', 'ROLE_STAFF'),
    ('hqNNGW@venus.com', 'hqNNGW@venus.com', 'ROLE_STAFF'),
    ('bQJSqV@venus.com', 'bQJSqV@venus.com', 'ROLE_STAFF'),
    ('XDwsDb@venus.com', 'XDwsDb@venus.com', 'ROLE_STAFF'),
    ('ZKNlUJ@venus.com', 'ZKNlUJ@venus.com', 'ROLE_STAFF'),
    ('lbFIQK@venus.com', 'lbFIQK@venus.com', 'ROLE_STAFF'),
    ('rlUcZn@venus.com', 'rlUcZn@venus.com', 'ROLE_STAFF'),
    ('IIuqSn@venus.com', 'IIuqSn@venus.com', 'ROLE_STAFF'),
    ('zGbwHO@venus.com', 'zGbwHO@venus.com', 'ROLE_STAFF'),
    ('UvqeWn@venus.com', 'UvqeWn@venus.com', 'ROLE_STAFF'),
    ('sDSWKD@venus.com', 'sDSWKD@venus.com', 'ROLE_STAFF'),
    ('PQDjCX@venus.com', 'PQDjCX@venus.com', 'ROLE_STAFF'),
    ('TsYnYJ@venus.com', 'TsYnYJ@venus.com', 'ROLE_STAFF'),
    ('YvzOPa@venus.com', 'YvzOPa@venus.com', 'ROLE_STAFF'),
    ('feVIqn@venus.com', 'feVIqn@venus.com', 'ROLE_STAFF'),
    ('ZclZxl@venus.com', 'ZclZxl@venus.com', 'ROLE_STAFF'),
    ('nPBnot@venus.com', 'nPBnot@venus.com', 'ROLE_STAFF'),
    ('AzhOiq@venus.com', 'AzhOiq@venus.com', 'ROLE_STAFF'),
    ('ZLIUMk@venus.com', 'ZLIUMk@venus.com', 'ROLE_STAFF'),
    ('isCAnE@venus.com', 'isCAnE@venus.com', 'ROLE_STAFF'),
    ('KWQNif@venus.com', 'KWQNif@venus.com', 'ROLE_STAFF'),
    ('IrXoCo@venus.com', 'IrXoCo@venus.com', 'ROLE_STAFF'),
    ('Qyujkk@venus.com', 'Qyujkk@venus.com', 'ROLE_STAFF'),
    ('dEMvzP@venus.com', 'dEMvzP@venus.com', 'ROLE_STAFF'),
    ('pfPYmV@venus.com', 'pfPYmV@venus.com', 'ROLE_STAFF'),
    ('HvYtPe@venus.com', 'HvYtPe@venus.com', 'ROLE_STAFF'),
    ('DNkLjB@venus.com', 'DNkLjB@venus.com', 'ROLE_STAFF'),
    ('aGoLLn@venus.com', 'aGoLLn@venus.com', 'ROLE_STAFF'),
    ('ADMTQx@venus.com', 'ADMTQx@venus.com', 'ROLE_STAFF'),
    ('hdBASW@venus.com', 'hdBASW@venus.com', 'ROLE_STAFF'),
    ('jisFPZ@venus.com', 'jisFPZ@venus.com', 'ROLE_STAFF'),
    ('MEuSfN@venus.com', 'MEuSfN@venus.com', 'ROLE_STAFF'),
    ('xvSWGS@venus.com', 'xvSWGS@venus.com', 'ROLE_STAFF'),
    ('gSLZPw@venus.com', 'gSLZPw@venus.com', 'ROLE_STAFF'),
    ('WVAJbV@venus.com', 'WVAJbV@venus.com', 'ROLE_STAFF'),
    ('kzyFsJFpAy@venus.com', 'kzyFsJFpAy@venus.com', 'ROLE_STAFF'),
    ('UGsqUmMxyL@venus.com', 'UGsqUmMxyL@venus.com', 'ROLE_STAFF'),
    ('RrsDxmWuTH@venus.com', 'RrsDxmWuTH@venus.com', 'ROLE_STAFF'),
    ('aELETXNJtR@venus.com', 'aELETXNJtR@venus.com', 'ROLE_STAFF'),
    ('KlcMtYqmGR@venus.com', 'KlcMtYqmGR@venus.com', 'ROLE_STAFF'),
    ('TXiVuROdBd@venus.com', 'TXiVuROdBd@venus.com', 'ROLE_STAFF'),
    ('hjsiLEEWXO@venus.com', 'hjsiLEEWXO@venus.com', 'ROLE_STAFF'),
    ('uABYdJzhsg@venus.com', 'uABYdJzhsg@venus.com', 'ROLE_STAFF'),
    ('ShqyASndej@venus.com', 'ShqyASndej@venus.com', 'ROLE_STAFF'),
    ('jwbyRHyyWd@venus.com', 'jwbyRHyyWd@venus.com', 'ROLE_STAFF'),
    ('kdozekcrti@venus.com', 'kdozekcrti@venus.com', 'ROLE_STAFF'),
    ('qqYCCEiWqS@venus.com', 'qqYCCEiWqS@venus.com', 'ROLE_STAFF'),
    ('HixztYtiQG@venus.com', 'HixztYtiQG@venus.com', 'ROLE_STAFF'),
    ('yfmACpYsrc@venus.com', 'yfmACpYsrc@venus.com', 'ROLE_STAFF'),
    ('AOuiIZjJNX@venus.com', 'AOuiIZjJNX@venus.com', 'ROLE_STAFF'),
    ('HGwnqKzwcT@venus.com', 'HGwnqKzwcT@venus.com', 'ROLE_STAFF'),
    ('rYpjmZNPsM@venus.com', 'rYpjmZNPsM@venus.com', 'ROLE_STAFF'),
    ('uhXRfONrLE@venus.com', 'uhXRfONrLE@venus.com', 'ROLE_STAFF'),
    ('ovVTYwIjip@venus.com', 'ovVTYwIjip@venus.com', 'ROLE_STAFF'),
    ('pLjXJSEcui@venus.com', 'pLjXJSEcui@venus.com', 'ROLE_STAFF'),
    ('HYmPSfjNQw@venus.com', 'HYmPSfjNQw@venus.com', 'ROLE_STAFF'),
    ('EWUKBTRwuA@venus.com', 'EWUKBTRwuA@venus.com', 'ROLE_STAFF'),
    ('GGqwqDmovE@venus.com', 'GGqwqDmovE@venus.com', 'ROLE_STAFF'),
    ('Soiguuvmgp@venus.com', 'Soiguuvmgp@venus.com', 'ROLE_STAFF'),
    ('cxZFmkpRHR@venus.com', 'cxZFmkpRHR@venus.com', 'ROLE_STAFF'),
    ('iLLbwHJvZM@venus.com', 'iLLbwHJvZM@venus.com', 'ROLE_STAFF'),
    ('zuYbnuxMbD@venus.com', 'zuYbnuxMbD@venus.com', 'ROLE_STAFF'),
    ('zCzLxIpROs@venus.com', 'zCzLxIpROs@venus.com', 'ROLE_STAFF'),
    ('RNbQNdvSpp@venus.com', 'RNbQNdvSpp@venus.com', 'ROLE_STAFF'),
    ('POSuGfbpXZ@venus.com', 'POSuGfbpXZ@venus.com', 'ROLE_STAFF'),
    ('ujTSGWCQNO@venus.com', 'ujTSGWCQNO@venus.com', 'ROLE_STAFF'),
    ('bHgCJCndUh@venus.com', 'bHgCJCndUh@venus.com', 'ROLE_STAFF'),
    ('iUVFMmCNTA@venus.com', 'iUVFMmCNTA@venus.com', 'ROLE_STAFF'),
    ('OGixRIqfhu@venus.com', 'OGixRIqfhu@venus.com', 'ROLE_STAFF'),
    ('DffWTPCDlG@venus.com', 'DffWTPCDlG@venus.com', 'ROLE_STAFF'),
    ('GuncyrSAlU@venus.com', 'GuncyrSAlU@venus.com', 'ROLE_STAFF'),
    ('aMNIHmcKHR@venus.com', 'aMNIHmcKHR@venus.com', 'ROLE_STAFF'),
    ('iaQbNuViLa@venus.com', 'iaQbNuViLa@venus.com', 'ROLE_STAFF'),
    ('TJcpOIznEl@venus.com', 'TJcpOIznEl@venus.com', 'ROLE_STAFF'),
    ('fxaNbZgJNx@venus.com', 'fxaNbZgJNx@venus.com', 'ROLE_STAFF'),
    ('ycaajqzlGQ@venus.com', 'ycaajqzlGQ@venus.com', 'ROLE_STAFF'),
    ('GMjbqpCmvL@venus.com', 'GMjbqpCmvL@venus.com', 'ROLE_STAFF'),
    ('FrxeCOuzIb@venus.com', 'FrxeCOuzIb@venus.com', 'ROLE_STAFF'),
    ('FCXeCMbzZy@venus.com', 'FCXeCMbzZy@venus.com', 'ROLE_STAFF'),
    ('IKKhKxlTvX@venus.com', 'IKKhKxlTvX@venus.com', 'ROLE_STAFF'),
    ('DsotpdQlYi@venus.com', 'DsotpdQlYi@venus.com', 'ROLE_STAFF'),
    ('RQOIkqwZjO@venus.com', 'RQOIkqwZjO@venus.com', 'ROLE_STAFF'),
    ('BUsaNYQixZ@venus.com', 'BUsaNYQixZ@venus.com', 'ROLE_STAFF'),
    ('MpgFxRSwwS@venus.com', 'MpgFxRSwwS@venus.com', 'ROLE_STAFF'),
    ('YhdwdjIYcW@venus.com', 'YhdwdjIYcW@venus.com', 'ROLE_STAFF'),
    ('xKustFVQEK@venus.com', 'xKustFVQEK@venus.com', 'ROLE_STAFF'),
    ('lQJkYtDBjs@venus.com', 'lQJkYtDBjs@venus.com', 'ROLE_STAFF'),
    ('LgoimPSbiR@venus.com', 'LgoimPSbiR@venus.com', 'ROLE_STAFF'),
    ('KIfBPDayBR@venus.com', 'KIfBPDayBR@venus.com', 'ROLE_STAFF'),
    ('bruUZuXDJw@venus.com', 'bruUZuXDJw@venus.com', 'ROLE_STAFF'),
    ('UJBFhvJVnj@venus.com', 'UJBFhvJVnj@venus.com', 'ROLE_STAFF'),
    ('oiGXcymHQE@venus.com', 'oiGXcymHQE@venus.com', 'ROLE_STAFF'),
    ('bwYfmUhvmX@venus.com', 'bwYfmUhvmX@venus.com', 'ROLE_STAFF'),
    ('uLcAtTAUsN@venus.com', 'uLcAtTAUsN@venus.com', 'ROLE_STAFF'),
    ('vlYojFtdMy@venus.com', 'vlYojFtdMy@venus.com', 'ROLE_STAFF'),
    ('PCqKPTNGVp@venus.com', 'PCqKPTNGVp@venus.com', 'ROLE_STAFF'),
    ('tXGUYjWYGM@venus.com', 'tXGUYjWYGM@venus.com', 'ROLE_STAFF'),
    ('NGMehQQvrG@venus.com', 'NGMehQQvrG@venus.com', 'ROLE_STAFF'),
    ('ibNrbPFWwI@venus.com', 'ibNrbPFWwI@venus.com', 'ROLE_STAFF'),
    ('XJXKbepEpT@venus.com', 'XJXKbepEpT@venus.com', 'ROLE_STAFF'),
    ('kJSFFpeygx@venus.com', 'kJSFFpeygx@venus.com', 'ROLE_STAFF'),
    ('ayCGQLdNpX@venus.com', 'ayCGQLdNpX@venus.com', 'ROLE_STAFF'),
    ('GMBaaZuJLJ@venus.com', 'GMBaaZuJLJ@venus.com', 'ROLE_STAFF'),
    ('yWmBHylLWq@venus.com', 'yWmBHylLWq@venus.com', 'ROLE_STAFF'),
    ('OwkqeFqFug@venus.com', 'OwkqeFqFug@venus.com', 'ROLE_STAFF'),
    ('dUkpQwhVGi@venus.com', 'dUkpQwhVGi@venus.com', 'ROLE_STAFF'),
    ('WoBMrffPrE@venus.com', 'WoBMrffPrE@venus.com', 'ROLE_STAFF'),
    ('pSTXXrymWU@venus.com', 'pSTXXrymWU@venus.com', 'ROLE_STAFF'),
    ('ANdSvmHdhY@venus.com', 'ANdSvmHdhY@venus.com', 'ROLE_STAFF'),
    ('CfCPfBClOK@venus.com', 'CfCPfBClOK@venus.com', 'ROLE_STAFF'),
    ('gfXOWAaBiY@venus.com', 'gfXOWAaBiY@venus.com', 'ROLE_STAFF'),
    ('dGDWcVWBDd@venus.com', 'dGDWcVWBDd@venus.com', 'ROLE_STAFF'),
    ('ZbEzGraFNx@venus.com', 'ZbEzGraFNx@venus.com', 'ROLE_STAFF'),
    ('ZkWXpIUVyU@venus.com', 'ZkWXpIUVyU@venus.com', 'ROLE_STAFF'),
    ('WKXqCxZyYP@venus.com', 'WKXqCxZyYP@venus.com', 'ROLE_STAFF'),
    ('HLDwGWzJVI@venus.com', 'HLDwGWzJVI@venus.com', 'ROLE_STAFF'),
    ('gWKbdhbxnB@venus.com', 'gWKbdhbxnB@venus.com', 'ROLE_STAFF'),
    ('TmEyTTKvZs@venus.com', 'TmEyTTKvZs@venus.com', 'ROLE_STAFF'),
    ('NamJHjtiAu@venus.com', 'NamJHjtiAu@venus.com', 'ROLE_STAFF'),
    ('ZOgomJumne@venus.com', 'ZOgomJumne@venus.com', 'ROLE_STAFF'),
    ('SYelBSbVnc@venus.com', 'SYelBSbVnc@venus.com', 'ROLE_STAFF'),
    ('ciEOcdopWx@venus.com', 'ciEOcdopWx@venus.com', 'ROLE_STAFF'),
    ('pVNUgdvHlj@venus.com', 'pVNUgdvHlj@venus.com', 'ROLE_STAFF'),
    ('JwyoHCfrJw@venus.com', 'JwyoHCfrJw@venus.com', 'ROLE_STAFF'),
    ('LTKJLDoGiF@venus.com', 'LTKJLDoGiF@venus.com', 'ROLE_STAFF'),
    ('dQPYuGSbwW@venus.com', 'dQPYuGSbwW@venus.com', 'ROLE_STAFF'),
    ('ZrsCalaunu@venus.com', 'ZrsCalaunu@venus.com', 'ROLE_STAFF'),
    ('CHVesJBbHD@venus.com', 'CHVesJBbHD@venus.com', 'ROLE_STAFF'),
    ('ovGDiSqjkO@venus.com', 'ovGDiSqjkO@venus.com', 'ROLE_STAFF'),
    ('GbJHwuNlXd@venus.com', 'GbJHwuNlXd@venus.com', 'ROLE_STAFF'),
    ('pedhWdNFpa@venus.com', 'pedhWdNFpa@venus.com', 'ROLE_STAFF'),
    ('EHmgXVKiip@venus.com', 'EHmgXVKiip@venus.com', 'ROLE_STAFF'),
    ('czuvoeBbsc@venus.com', 'czuvoeBbsc@venus.com', 'ROLE_STAFF'),
    ('jgVzofVxRZ@venus.com', 'jgVzofVxRZ@venus.com', 'ROLE_STAFF'),
    ('anZWrdHDCq@venus.com', 'anZWrdHDCq@venus.com', 'ROLE_STAFF'),
    ('ryuzPXvqzy@venus.com', 'ROLE_STAFF', 'Janz'),
    ('ecuxYqEvOL@venus.com', 'ROLE_STAFF', 'Janz'),
    ('XZJPKVsiKD@venus.com', 'ROLE_STAFF', 'Janz'),
    ('HCDCjqHhsg@venus.com', 'ROLE_STAFF', 'Janz'),
    ('WoyNrweYol@venus.com', 'ROLE_STAFF', 'Janz'),
    ('PgwJryPoRe@venus.com', 'ROLE_STAFF', 'Janz'),
    ('lfVfpAtZqJ@venus.com', 'ROLE_STAFF', 'Janz'),
    ('gEkkIlYMCK@venus.com', 'ROLE_STAFF', 'Janz'),
    ('rbcPpwzZxY@venus.com', 'ROLE_STAFF', 'Janz'),
    ('rgGHdTLzOe@venus.com', 'ROLE_STAFF', 'Janz'),
    ('yjIMogGzXc@venus.com', 'ROLE_STAFF', 'Janz'),
    ('WARKtkEPmX@venus.com', 'ROLE_STAFF', 'Janz'),
    ('ZtgoxvIBOw@venus.com', 'ROLE_STAFF', 'Janz'),
    ('CfoUdhSjeI@venus.com', 'ROLE_STAFF', 'Janz'),
    ('pGrZSQutAO@venus.com', 'ROLE_STAFF', 'Janz'),
    ('GfgKJfzSXe@venus.com', 'ROLE_STAFF', 'Janz'),
    ('gRfPUwpFoQ@venus.com', 'ROLE_STAFF', 'Janz'),
    ('pimxBrzFQb@venus.com', 'ROLE_STAFF', 'Janz'),
    ('NpxGobHfhH@venus.com', 'ROLE_STAFF', 'Janz'),
    ('SrnujKRjpB@venus.com', 'ROLE_STAFF', 'Janz'),
    ('ueVPeLVQgz@venus.com', 'ROLE_STAFF', 'Janz'),
    ('vklHsxfLVn@venus.com', 'ROLE_STAFF', 'Janz'),
    ('ZgLLleAQBx@venus.com', 'ROLE_STAFF', 'Janz'),
    ('YVNaUIYetv@venus.com', 'ROLE_STAFF', 'Janz'),
    ('TyUZQGSEwq@venus.com', 'ROLE_STAFF', 'Janz'),
    ('igZPGJHlOp@venus.com', 'ROLE_STAFF', 'Janz'),
    ('hodQvPFZAl@venus.com', 'ROLE_STAFF', 'Janz'),
    ('jdcsVCPbzE@venus.com', 'ROLE_STAFF', 'Janz'),
    ('PGODKjcIjd@venus.com', 'ROLE_STAFF', 'Janz'),
    ('uXuVbwqmHe@venus.com', 'ROLE_STAFF', 'Janz'),
    ('vSjHuQlRNd@venus.com', 'ROLE_STAFF', 'Janz'),
    ('WHmpsBQyJy@venus.com', 'ROLE_STAFF', 'Janz'),
    ('jhESlNYiBO@venus.com', 'ROLE_STAFF', 'Janz'),
    ('pXpgnjhREO@venus.com', 'ROLE_STAFF', 'Janz'),
    ('SvBjMcouYU@venus.com', 'ROLE_STAFF', 'Janz'),
    ('EjdjcJBfxg@venus.com', 'ROLE_STAFF', 'Janz'),
    ('GIsLFpKSSd@venus.com', 'ROLE_STAFF', 'Janz'),
    ('SMEQmjfMPj@venus.com', 'ROLE_STAFF', 'Janz'),
    ('YWVtQzKDKk@venus.com', 'ROLE_STAFF', 'Janz'),
    ('cxKtACBRjp@venus.com', 'ROLE_STAFF', 'Janz'),
    ('orshMGaAex@venus.com', 'ROLE_STAFF', 'Janz'),
    ('EFFDDwxavI@venus.com', 'ROLE_STAFF', 'Janz'),
    ('KULziMbeze@venus.com', 'ROLE_STAFF', 'Janz'),
    ('tLCFiOUZgS@venus.com', 'ROLE_STAFF', 'Janz'),
    ('gHrDnBNJla@venus.com', 'ROLE_STAFF', 'Janz'),
    ('PPJfOGnLJG@venus.com', 'ROLE_STAFF', 'Janz'),
    ('aPexfsPsHd@venus.com', 'ROLE_STAFF', 'Janz'),
    ('VKfjqCOvgy@venus.com', 'ROLE_STAFF', 'Janz'),
    ('ZmqXeCJezy@venus.com', 'ROLE_STAFF', 'Janz'),
    ('ybQEkkfhGY@venus.com', 'ROLE_STAFF', 'Janz'),
    ('TVRAjSJPpT@venus.com', 'ROLE_STAFF', 'Janz'),
    ('ICwbvPmoSz@venus.com', 'ROLE_STAFF', 'Janz'),
    ('yYoztMGlqN@venus.com', 'ROLE_STAFF', 'Janz'),
    ('LSGwphLLNi@venus.com', 'ROLE_STAFF', 'Janz'),
    ('HUHXmnBmKs@venus.com', 'ROLE_STAFF', 'Janz'),
    ('uqIJEwEnzt@venus.com', 'ROLE_STAFF', 'Janz'),
    ('DOcYemXAvN@venus.com', 'ROLE_STAFF', 'Janz'),
    ('IlcvzsIJoc@venus.com', 'ROLE_STAFF', 'Janz'),
    ('kwZhDkulXV@venus.com', 'ROLE_STAFF', 'Janz'),
    ('lPpzpBYbbZ@venus.com', 'ROLE_STAFF', 'Janz'),
    ('GxgtEKvtik@venus.com', 'ROLE_STAFF', 'Janz'),
    ('nojWdJjsHf@venus.com', 'ROLE_STAFF', 'Janz'),
    ('KiCLZzAGaZ@venus.com', 'ROLE_STAFF', 'Janz'),
    ('JKncBzpGlT@venus.com', 'ROLE_STAFF', 'Janz'),
    ('FZXflTJrzf@venus.com', 'ROLE_STAFF', 'Janz'),
    ('GsrjpWVlbm@venus.com', 'ROLE_STAFF', 'Janz'),
    ('gfjdeIZGha@venus.com', 'ROLE_STAFF', 'Janz'),
    ('XrqwlQFXnY@venus.com', 'ROLE_STAFF', 'Janz'),
    ('MbZmJXUIzR@venus.com', 'ROLE_STAFF', 'Janz'),
    ('zwvXWgaSJK@venus.com', 'ROLE_STAFF', 'Janz'),
    ('duDLgGWxmY@venus.com', 'ROLE_STAFF', 'Janz'),
    ('GyZqSUhHbQ@venus.com', 'ROLE_STAFF', 'Janz'),
    ('xburALNvNm@venus.com', 'ROLE_STAFF', 'Janz'),
    ('YqSTtNtcgR@venus.com', 'ROLE_STAFF', 'Janz'),
    ('tzkHASLEmK@venus.com', 'ROLE_STAFF', 'Janz'),
    ('OIYlvrXmpz@venus.com', 'ROLE_STAFF', 'Janz'),
    ('uWGxDpRMTz@venus.com', 'ROLE_STAFF', 'Janz'),
    ('IQlSvPVTUd@venus.com', 'ROLE_STAFF', 'Janz'),
    ('adVDfFBRah@venus.com', 'ROLE_STAFF', 'Janz'),
    ('tshPqDASEo@venus.com', 'ROLE_STAFF', 'Janz'),
    ('kaIbPbciQy@venus.com', 'ROLE_STAFF', 'Janz'),
    ('kHphCSEhPg@venus.com', 'ROLE_STAFF', 'Janz'),
    ('ZbGjdFxipP@venus.com', 'ROLE_STAFF', 'Janz'),
    ('KgpMOhiFix@venus.com', 'ROLE_STAFF', 'Janz'),
    ('kpcBVAUNfK@venus.com', 'ROLE_STAFF', 'Janz'),
    ('iIabmhvZsd@venus.com', 'ROLE_STAFF', 'Janz'),
    ('QwTgWyIfIf@venus.com', 'ROLE_STAFF', 'Janz'),
    ('zabkchCbDY@venus.com', 'ROLE_STAFF', 'Janz'),
    ('SMeUmLpNKe@venus.com', 'ROLE_STAFF', 'Janz'),
    ('wUcASjVQUz@venus.com', 'ROLE_STAFF', 'Janz'),
    ('RVJHzVTkwr@venus.com', 'ROLE_STAFF', 'Janz'),
    ('pNBoPKGeKL@venus.com', 'ROLE_STAFF', 'Janz'),
    ('GMLSJMoEZm@venus.com', 'ROLE_STAFF', 'Janz'),
    ('DVofbTRopW@venus.com', 'ROLE_STAFF', 'Janz'),
    ('NLWUeeZECS@venus.com', 'ROLE_STAFF', 'Janz'),
    ('oLDfLIuxIL@venus.com', 'ROLE_STAFF', 'Janz'),
    ('xVZjkCLRAK@venus.com', 'ROLE_STAFF', 'Janz'),
    ('ZEQjIuXtwW@venus.com', 'ROLE_STAFF', 'Janz'),
    ('jEeqBUynTK@venus.com', 'ROLE_STAFF', 'Janz'),
    ('XbVDslYafi@venus.com', 'ROLE_STAFF', 'Janz'),
    ('ReRvEUYfzk@venus.com', 'ROLE_STAFF', 'Janz'),
    ('KLxMGeVxbA@venus.com', 'ROLE_STAFF', 'Janz'),
    ('FKVqrsVNGu@venus.com', 'ROLE_STAFF', 'Janz'),
    ('WHguXzJaiS@venus.com', 'ROLE_STAFF', 'Janz'),
    ('CwMbARNYfG@venus.com', 'ROLE_STAFF', 'Janz'),
    ('jMAUFbwfpV@venus.com', 'ROLE_STAFF', 'Janz'),
    ('oXjJKmstsw@venus.com', 'ROLE_STAFF', 'Janz'),
    ('jpKgpdgzEt@venus.com', 'ROLE_STAFF', 'Janz'),
    ('RUablAhnBN@venus.com', 'ROLE_STAFF', 'Janz'),
    ('wvywVkLznQ@venus.com', 'ROLE_STAFF', 'Janz'),
    ('MohoSQmUhW@venus.com', 'ROLE_STAFF', 'Janz'),
    ('kZHpKplMwl@venus.com', 'ROLE_STAFF', 'Janz'),
    ('aYJhILXBSu@venus.com', 'ROLE_STAFF', 'Janz'),
    ('dOdDeROEcF@venus.com', 'ROLE_STAFF', 'Janz'),
    ('FCTNJVHuQs@venus.com', 'ROLE_STAFF', 'Janz'),
    ('aFbazKXCiZ@venus.com', 'ROLE_STAFF', 'Janz'),
    ('DeSfeIAyYe@venus.com', 'ROLE_STAFF', 'Janz'),
    ('NTLAFnrBaS@venus.com', 'ROLE_STAFF', 'Janz'),
    ('OWbqfxrmaO@venus.com', 'ROLE_STAFF', 'Janz'),
    ('qKraxrRwjS@venus.com', 'ROLE_STAFF', 'Janz'),
    ('fUkzDqWTjn@venus.com', 'ROLE_STAFF', 'Janz'),
    ('AmCNBaRYHe@venus.com', 'ROLE_STAFF', 'Janz'),
    ('RBWwdEZnFQ@venus.com', 'ROLE_STAFF', 'Janz'),
    ('fxOCbhFOon@venus.com', 'ROLE_STAFF', 'Janz'),
    ('KbHMwqZgdS@venus.com', 'ROLE_STAFF', 'Janz'),
    ('DlXBGMmzCm@venus.com', 'ROLE_STAFF', 'Janz'),
    ('gmQrjWvwZB@venus.com', 'ROLE_STAFF', 'Janz'),
    ('xHslgPAHMw@venus.com', 'ROLE_STAFF', 'Janz'),
    ('RRJmQQWaDU@venus.com', 'ROLE_STAFF', 'Janz'),
    ('DqSBpEVxGl@venus.com', 'ROLE_STAFF', 'Janz'),
    ('rZmxvvilPH@venus.com', 'ROLE_STAFF', 'Janz'),
    ('MilehudCwg@venus.com', 'ROLE_STAFF', 'Janz'),
    ('zFsByweRHM@venus.com', 'ROLE_STAFF', 'Janz'),
    ('GgUlFKETwC@venus.com', 'ROLE_STAFF', 'Janz'),
    ('jnqGwmeikj@venus.com', 'ROLE_STAFF', 'Janz'),
    ('CcOLDHbwfN@venus.com', 'ROLE_STAFF', 'Janz'),
    ('MDcUAYeiaz@venus.com', 'ROLE_STAFF', 'Janz'),
    ('JklTPEvMUv@venus.com', 'ROLE_STAFF', 'Janz'),
    ('CjYToSkLej@venus.com', 'ROLE_STAFF', 'Janz'),
    ('whQRDLaIfA@venus.com', 'ROLE_STAFF', 'Janz'),
    ('VfiGvHEOMB@venus.com', 'ROLE_STAFF', 'Janz'),
    ('WusCUyezEA@venus.com', 'ROLE_STAFF', 'Janz'),
    ('GFJXvFJbXf@venus.com', 'ROLE_STAFF', 'Janz'),
    ('gqsnCsinbR@venus.com', 'ROLE_STAFF', 'Janz'),
    ('PRzKSUkQkY@venus.com', 'ROLE_STAFF', 'Janz'),
    ('ewcptIYLSo@venus.com', 'ROLE_STAFF', 'Janz'),
    ('TdmAKQFQtw@venus.com', 'ROLE_STAFF', 'Janz'),
    ('YxEnbPkDoc@venus.com', 'ROLE_STAFF', 'Janz'),
    ('JIQRukGRkJ@venus.com', 'ROLE_STAFF', 'Janz'),
    ('OTbkvmEyok@venus.com', 'ROLE_STAFF', 'Janz'),
    ('vzNLcrpKnO@venus.com', 'ROLE_STAFF', 'Janz'),
    ('YkaoqISLHo@venus.com', 'ROLE_STAFF', 'Janz'),
    ('iMcFauyUlA@venus.com', 'ROLE_STAFF', 'Janz'),
    ('XhNWCobPeA@venus.com', 'ROLE_STAFF', 'Janz'),
    ('LCmvkGYfdx@venus.com', 'ROLE_STAFF', 'Janz'),
    ('kmFhzbymak@venus.com', 'ROLE_STAFF', 'Janz'),
    ('WsguYLdPjC@venus.com', 'ROLE_STAFF', 'Janz'),
    ('TdFqKyWyRt@venus.com', 'ROLE_STAFF', 'Janz'),
    ('MSEMhrubYF@venus.com', 'ROLE_STAFF', 'Janz'),
    ('KyyMbfuJAk@venus.com', 'ROLE_STAFF', 'Janz'),
    ('iCSennsqFJ@venus.com', 'ROLE_STAFF', 'Janz'),
    ('yGrBAMBzRf@venus.com', 'ROLE_STAFF', 'Janz'),
    ('fWvKxRSAmw@venus.com', 'ROLE_STAFF', 'Janz'),
    ('WEmWucQYRT@venus.com', 'ROLE_STAFF', 'Janz'),
    ('OJHVJFpetK@venus.com', 'ROLE_STAFF', 'Janz'),
    ('VYenpTFtOT@venus.com', 'ROLE_STAFF', 'Janz'),
    ('ggmIqOmnut@venus.com', 'ROLE_STAFF', 'Janz'),
    ('mravzJLGBE@venus.com', 'ROLE_STAFF', 'Janz'),
    ('jsEBnfEdDc@venus.com', 'ROLE_STAFF', 'Janz'),
    ('OXpGDDjlVf@venus.com', 'ROLE_STAFF', 'Janz'),
    ('JsBaXLUYQL@venus.com', 'ROLE_STAFF', 'Janz'),
    ('ljPeTGbhLB@venus.com', 'ROLE_STAFF', 'Janz'),
    ('kEgvwlLRVp@venus.com', 'ROLE_STAFF', 'Janz'),
    ('VkWAbpYyng@venus.com', 'ROLE_STAFF', 'Janz'),
    ('pVjRsGJEnA@venus.com', 'ROLE_STAFF', 'Janz'),
    ('BPHpuUKzbd@venus.com', 'ROLE_STAFF', 'Janz'),
    ('qaRZgjPrEe@venus.com', 'ROLE_STAFF', 'Janz'),
    ('qtIhjwnUsl@venus.com', 'ROLE_STAFF', 'Janz'),
    ('ggxlgUwsnn@venus.com', 'ROLE_STAFF', 'Janz'),
    ('leuVBCMroA@venus.com', 'ROLE_STAFF', 'Janz'),
    ('BLfhbMVCYl@venus.com', 'ROLE_STAFF', 'Janz'),
    ('rTCnCxRMTd@venus.com', 'ROLE_STAFF', 'Janz'),
    ('GemDnDvjfG@venus.com', 'ROLE_STAFF', 'Janz'),
    ('zCdvDzyOnu@venus.com', 'ROLE_STAFF', 'Janz'),
    ('QXtycyjtaM@venus.com', 'ROLE_STAFF', 'Janz'),
    ('LgigaIqbgg@venus.com', 'ROLE_STAFF', 'Janz'),
    ('JrSpVwKvWT@venus.com', 'ROLE_STAFF', 'Janz'),
    ('bONLhoWtFx@venus.com', 'ROLE_STAFF', 'Janz'),
    ('ZvoaMRdPlK@venus.com', 'ROLE_STAFF', 'Janz'),
    ('DSSlpCSeOD@venus.com', 'ROLE_STAFF', 'Janz'),
    ('TWYPNwClwm@venus.com', 'ROLE_STAFF', 'Janz'),
    ('OpEpaealCB@venus.com', 'ROLE_STAFF', 'Janz'),
    ('vWyMtmobJc@venus.com', 'ROLE_STAFF', 'Janz'),
    ('GWBNgGbEMt@venus.com', 'ROLE_STAFF', 'Janz'),
    ('crkHlTBzDr@venus.com', 'ROLE_STAFF', 'Janz'),
    ('TMZoOSlkjd@venus.com', 'ROLE_STAFF', 'Janz'),
    ('SZOFJKcLNg@venus.com', 'ROLE_STAFF', 'Janz'),
    ('wQlmMvvUlM@venus.com', 'ROLE_STAFF', 'Janz'),
    ('YRdiPvuJYi@venus.com', 'ROLE_STAFF', 'Janz'),
    ('DcJJoigfuM@venus.com', 'ROLE_STAFF', 'Janz'),
    ('LyuGYcnIoE@venus.com', 'ROLE_STAFF', 'Janz'),
    ('oAtFnpZjnd@venus.com', 'ROLE_STAFF', 'Janz'),
    ('dbAixHXYhX@venus.com', 'ROLE_STAFF', 'Janz'),
    ('xgFOcCzKoB@venus.com', 'ROLE_STAFF', 'Janz'),
    ('DUUaHlmlkt@venus.com', 'ROLE_STAFF', 'Janz'),
    ('hhkwMqkwLq@venus.com', 'ROLE_STAFF', 'Janz'),
    ('mMzpjIZboq@venus.com', 'ROLE_STAFF', 'Janz'),
    ('ePlmIeSflq@venus.com', 'ROLE_STAFF', 'Janz'),
    ('FwZYQnLhYL@venus.com', 'ROLE_STAFF', 'Janz'),
    ('FWefBLlSCh@venus.com', 'ROLE_STAFF', 'Janz'),
    ('qpAhGjYZOz@venus.com', 'ROLE_STAFF', 'Janz'),
    ('btiTdvfmUK@venus.com', 'ROLE_STAFF', 'Janz'),
    ('FBlbLmZGBv@venus.com', 'ROLE_STAFF', 'Janz'),
    ('VYsfpFiZtQ@venus.com', 'ROLE_STAFF', 'Janz'),
    ('xCEaBScths@venus.com', 'ROLE_STAFF', 'Janz'),
    ('tQrUrknxua@venus.com', 'ROLE_STAFF', 'Janz'),
    ('GQzxITndcJ@venus.com', 'ROLE_STAFF', 'Janz'),
    ('ZNGyElikdS@venus.com', 'ROLE_STAFF', 'Janz'),
    ('PjpaCxJfuw@venus.com', 'ROLE_STAFF', 'Janz'),
    ('tPvfKbFnKH@venus.com', 'ROLE_STAFF', 'Janz'),
    ('uQEwLbYSbD@venus.com', 'ROLE_STAFF', 'Janz'),
    ('GdyiUpYpwI@venus.com', 'ROLE_STAFF', 'Janz'),
    ('SvIhBIxYEh@venus.com', 'ROLE_STAFF', 'Janz'),
    ('SKOccoURvd@venus.com', 'ROLE_STAFF', 'Janz'),
    ('dqAFLeBunM@venus.com', 'ROLE_STAFF', 'Janz'),
    ('FgUXSacGuM@venus.com', 'ROLE_STAFF', 'Janz'),
    ('osBVAjRonz@venus.com', 'ROLE_STAFF', 'Janz'),
    ('TmguXbEdBe@venus.com', 'ROLE_STAFF', 'Janz'),
    ('fsnBBtImeg@venus.com', 'ROLE_STAFF', 'Janz'),
    ('KDFDwhyEkJ@venus.com', 'ROLE_STAFF', 'Janz'),
    ('hBPWqWFiVk@venus.com', 'ROLE_STAFF', 'Janz'),
    ('AqPxODceGY@venus.com', 'ROLE_STAFF', 'Janz'),
    ('UJQBTvMvEa@venus.com', 'ROLE_STAFF', 'Janz'),
    ('ugPWPxJSiC@venus.com', 'ROLE_STAFF', 'Janz'),
    ('ODrzYBPPOW@venus.com', 'ROLE_STAFF', 'Janz'),
    ('WvkAFdWGUu@venus.com', 'ROLE_STAFF', 'Janz'),
    ('vrwXMKHzOw@venus.com', 'ROLE_STAFF', 'Janz'),
    ('bKWbcheIXB@venus.com', 'ROLE_STAFF', 'Janz'),
    ('lboXpIQOCr@venus.com', 'ROLE_STAFF', 'Janz'),
    ('cIjZkGGCqs@venus.com', 'ROLE_STAFF', 'Janz'),
    ('KZVBaunVRj@venus.com', 'ROLE_STAFF', 'Janz'),
    ('JLHyvpoZdS@venus.com', 'ROLE_STAFF', 'Janz'),
    ('QPeZNRjfPW@venus.com', 'ROLE_STAFF', 'Janz'),
    ('BmPNhXtpcq@venus.com', 'ROLE_STAFF', 'Janz'),
    ('nXDZpvQrpo@venus.com', 'ROLE_STAFF', 'Janz'),
    ('EeFmAaAESO@venus.com', 'ROLE_STAFF', 'Janz'),
    ('kJMysLjUYJ@venus.com', 'ROLE_STAFF', 'Janz'),
    ('ZDPoAhmEqn@venus.com', 'ROLE_STAFF', 'Janz'),
    ('fvbReqjXiS@venus.com', 'ROLE_STAFF', 'Janz'),
    ('mpDXcZCFeG@venus.com', 'ROLE_STAFF', 'Janz'),
    ('ASjwIqoMeK@venus.com', 'ROLE_STAFF', 'Janz'),
    ('PNAhhHiwOe@venus.com', 'ROLE_STAFF', 'Janz'),
    ('djKoVKLyxA@venus.com', 'ROLE_STAFF', 'Janz'),
    ('CrEsoIZpph@venus.com', 'ROLE_STAFF', 'Janz'),
    ('CgVnPcmpUu@venus.com', 'ROLE_STAFF', 'Janz'),
    ('UtCERcGuEy@venus.com', 'ROLE_STAFF', 'Janz'),
    ('PqrOaaFgpy@venus.com', 'ROLE_STAFF', 'Janz'),
    ('yKfMMwiKIL@venus.com', 'ROLE_STAFF', 'Janz'),
    ('UEiXHmOuDU@venus.com', 'ROLE_STAFF', 'Janz'),
    ('IWYVeqvyat@venus.com', 'ROLE_STAFF', 'Janz'),
    ('qjuYWcrxfq@venus.com', 'ROLE_STAFF', 'Janz'),
    ('uiIkolZCcK@venus.com', 'ROLE_STAFF', 'Janz'),
    ('wEgCLwVDly@venus.com', 'ROLE_STAFF', 'Janz'),
    ('zWDiGMzlya@venus.com', 'ROLE_STAFF', 'Janz'),
    ('fasfalMwRJ@venus.com', 'ROLE_STAFF', 'Janz'),
    ('LMDVzdIhWi@venus.com', 'ROLE_STAFF', 'Janz'),
    ('CHptfKnKYv@venus.com', 'ROLE_STAFF', 'Janz'),
    ('LaHJUMsRvw@venus.com', 'ROLE_STAFF', 'Janz'),
    ('ljwUHSNqRt@venus.com', 'ROLE_STAFF', 'Janz'),
    ('FcPNzuMxjM@venus.com', 'ROLE_STAFF', 'Janz'),
    ('xfRCZDEbpJ@venus.com', 'ROLE_STAFF', 'Janz'),
    ('mGFqIlRDZd@venus.com', 'ROLE_STAFF', 'Janz'),
    ('KssiFwvFae@venus.com', 'ROLE_STAFF', 'Janz'),
    ('SBuLeOTOBx@venus.com', 'ROLE_STAFF', 'Janz'),
    ('KtyciGFAOR@venus.com', 'ROLE_STAFF', 'Janz'),
    ('dLwCWQrpEc@venus.com', 'ROLE_STAFF', 'Janz'),
    ('INuhfJCbNi@venus.com', 'ROLE_STAFF', 'Janz'),
    ('CLTCpgfoxU@venus.com', 'ROLE_STAFF', 'Janz'),
    ('UugUIjmpsf@venus.com', 'ROLE_STAFF', 'Janz'),
    ('XpUHkPLSMX@venus.com', 'ROLE_STAFF', 'Janz'),
    ('GxkEqdKRMz@venus.com', 'ROLE_STAFF', 'Janz'),
    ('HAJIBNeHey@venus.com', 'ROLE_STAFF', 'Janz'),
    ('iycpyqWCCH@venus.com', 'ROLE_STAFF', 'Janz'),
    ('QCWleWqJfa@venus.com', 'ROLE_STAFF', 'Janz'),
    ('nmydBFjDUp@venus.com', 'ROLE_STAFF', 'Janz'),
    ('yrCWBbzHiU@venus.com', 'ROLE_STAFF', 'Janz'),
    ('TRUbvnFZqT@venus.com', 'ROLE_STAFF', 'Janz'),
    ('IgoKvqDLEa@venus.com', 'ROLE_STAFF', 'Janz'),
    ('LdeqoKtUCW@venus.com', 'ROLE_STAFF', 'Janz'),
    ('jWEnzxcCjI@venus.com', 'ROLE_STAFF', 'Janz'),
    ('aXBIFvIEyJ@venus.com', 'ROLE_STAFF', 'Janz'),
    ('aVhAvQCvEv@venus.com', 'ROLE_STAFF', 'Janz'),
    ('NWQWPFZjFv@venus.com', 'ROLE_STAFF', 'Janz'),
    ('nGBwMMMOrT@venus.com', 'ROLE_STAFF', 'Janz'),
    ('PGeElwcoiw@venus.com', 'ROLE_STAFF', 'Janz'),
    ('VJzRMwbSyF@venus.com', 'ROLE_STAFF', 'Janz'),
    ('cJZRkfMSXk@venus.com', 'ROLE_STAFF', 'Janz'),
    ('rGPAPSjxWa@venus.com', 'ROLE_STAFF', 'Janz'),
    ('NAHXvpwtNG@venus.com', 'ROLE_STAFF', 'Janz'),
    ('VoGehJHdrd@venus.com', 'ROLE_STAFF', 'Janz');

INSERT INTO secrets (username, secretname, createddate, secretdata) values
    ('admin@venus.com', '1', '01/01/1999', '1'),
    ('paulaguilar@venus.com', '2', '01/01/1999', '2'),
    ('jonoliver@venus.com', '3', '01/01/1999', '3'),
    ('claudinezhang@venus.com', '4', '01/01/1999', '4'),
    ('lovelinkumar@venus.com', '5', '01/01/1999', '5'),
    ('michelkouame@venus.com', '6', '01/01/1999', '6'),
    ('angelinacosta@venus.com', '7', '01/01/1999', '7'),
    ('brijeshgupta@venus.com', '8', '01/01/1999', '8'),
    ('amyfofana@venus.com', '9', '01/01/1999', '9'),
    ('testuser@venus.com', '10', '01/01/1999', '10'),
    ('CczVsH@venus.com', '11', '01/01/1999', '11'),
    ('taHbqH@venus.com', '12', '01/01/1999', '12'),
    ('RKfCnW@venus.com', '13', '01/01/1999', '13'),
    ('BAKyTt@venus.com', '14', '01/01/1999', '14'),
    ('LqHwZl@venus.com', '15', '01/01/1999', '15'),
    ('RdXrFh@venus.com', '16', '01/01/1999', '16'),
    ('cNLaqh@venus.com', '17', '01/01/1999', '17'),
    ('dTXgbH@venus.com', '18', '01/01/1999', '18'),
    ('BuNihp@venus.com', '19', '01/01/1999', '19'),
    ('BsxpAT@venus.com', '20', '01/01/1999', '20'),
    ('uBqDfq@venus.com', '21', '01/01/1999', '21'),
    ('rDtlkX@venus.com', '22', '01/01/1999', '22'),
    ('tCYSiY@venus.com', '23', '01/01/1999', '23'),
    ('CDaxNR@venus.com', '24', '01/01/1999', '24'),
    ('FhMzbH@venus.com', '25', '01/01/1999', '25'),
    ('nqjDJe@venus.com', '26', '01/01/1999', '26'),
    ('fcUEfX@venus.com', '27', '01/01/1999', '27'),
    ('KGtRGD@venus.com', '28', '01/01/1999', '28'),
    ('AHvFHP@venus.com', '29', '01/01/1999', '29'),
    ('POWkne@venus.com', '30', '01/01/1999', '30'),
    ('rypAba@venus.com', '31', '01/01/1999', '31'),
    ('tuRaYv@venus.com', '32', '01/01/1999', '32'),
    ('OyLQkY@venus.com', '33', '01/01/1999', '33'),
    ('glNUJz@venus.com', '34', '01/01/1999', '34'), 
    ('pUzdXk@venus.com', '35', '01/01/1999', '35'),
    ('HikunH@venus.com', '36', '01/01/1999', '36'),
    ('BqKiDW@venus.com', '37', '01/01/1999', '37'),
    ('CtWzFe@venus.com', '38', '01/01/1999', '38'),
    ('ZUepGq@venus.com', '39', '01/01/1999', '39'),
    ('ntnGgu@venus.com', '40', '01/01/1999', '40'),
    ('vxKmLI@venus.com', '41', '01/01/1999', '41'),
    ('wQnTBU@venus.com', '42', '01/01/1999', '42'),
    ('XaSwJh@venus.com', '43', '01/01/1999', '43'),
    ('HWcuAJ@venus.com', '44', '01/01/1999', '44'),
    ('pZXaQw@venus.com', '45', '01/01/1999', '45'),
    ('WMxPaZ@venus.com', '46', '01/01/1999', '46'),
    ('XGtrUX@venus.com', '47', '01/01/1999', '47'),
    ('qOLBgd@venus.com', '48', '01/01/1999', '48'),
    ('QscQFR@venus.com', '49', '01/01/1999', '49'),
    ('RnKyfH@venus.com', '50', '01/01/1999', '50'),
    ('ukRqwP@venus.com', '51', '01/01/1999', '51'),
    ('vPZFDF@venus.com', '52', '01/01/1999', '52'),
    ('kfVvll@venus.com', '53', '01/01/1999', '53'),
    ('VzLEFl@venus.com', '54', '01/01/1999', '54'),
    ('LeaGCA@venus.com', '55', '01/01/1999', '55'),
    ('GrvVsS@venus.com', '56', '01/01/1999', '56'),
    ('pGdDSi@venus.com', '57', '01/01/1999', '57'),
    ('TxToaI@venus.com', '58', '01/01/1999', '58'),
    ('XoJbYb@venus.com', '59', '01/01/1999', '59'),
    ('CxQTYr@venus.com', '60', '01/01/1999', '60'),
    ('nidGlQ@venus.com', '61', '01/01/1999', '61'),
    ('YmCtss@venus.com', '62', '01/01/1999', '62'),
    ('rFfQCK@venus.com', '63', '01/01/1999', '63'),
    ('NXelAz@venus.com', '64', '01/01/1999', '64'),
    ('lpRGNA@venus.com', '65', '01/01/1999', '65'),
    ('qyypCg@venus.com', '66', '01/01/1999', '66'),
    ('hqNNGW@venus.com', '67', '01/01/1999', '67'),
    ('bQJSqV@venus.com', '68', '01/01/1999', '68'),
    ('XDwsDb@venus.com', '69', '01/01/1999', '69'),
    ('ZKNlUJ@venus.com', '70', '01/01/1999', '70'),
    ('lbFIQK@venus.com', '71', '01/01/1999', '71'),
    ('rlUcZn@venus.com', '72', '01/01/1999', '72'),
    ('IIuqSn@venus.com', '73', '01/01/1999', '73'),
    ('zGbwHO@venus.com', '74', '01/01/1999', '74'),
    ('UvqeWn@venus.com', '75', '01/01/1999', '75'),
    ('sDSWKD@venus.com', '76', '01/01/1999', '76'),
    ('PQDjCX@venus.com', '77', '01/01/1999', '77'),
    ('TsYnYJ@venus.com', '78', '01/01/1999', '78'),
    ('YvzOPa@venus.com', '79', '01/01/1999', '79'),
    ('feVIqn@venus.com', '80', '01/01/1999', '80'),
    ('ZclZxl@venus.com', '81', '01/01/1999', '81'),
    ('nPBnot@venus.com', '82', '01/01/1999', '82'),
    ('AzhOiq@venus.com', '83', '01/01/1999', '83'),
    ('ZLIUMk@venus.com', '84', '01/01/1999', '84'),
    ('isCAnE@venus.com', '85', '01/01/1999', '85'),
    ('KWQNif@venus.com', '86', '01/01/1999', '86'),
    ('IrXoCo@venus.com', '87', '01/01/1999', '87'),
    ('Qyujkk@venus.com', '88', '01/01/1999', '88'),
    ('dEMvzP@venus.com', '89', '01/01/1999', '89'),
    ('pfPYmV@venus.com', '90', '01/01/1999', '90'),
    ('HvYtPe@venus.com', '91', '01/01/1999', '91'),
    ('DNkLjB@venus.com', '92', '01/01/1999', '92'),
    ('aGoLLn@venus.com', '93', '01/01/1999', '93'),
    ('ADMTQx@venus.com', '94', '01/01/1999', '94'),
    ('hdBASW@venus.com', '95', '01/01/1999', '95'),
    ('jisFPZ@venus.com', '96', '01/01/1999', '96'),
    ('MEuSfN@venus.com', '97', '01/01/1999', '97'),
    ('xvSWGS@venus.com', '98', '01/01/1999', '98'),
    ('gSLZPw@venus.com', '99', '01/01/1999', '99'),
    ('WVAJbV@venus.com', '100', '01/01/1999', '100'),
    ('kzyFsJFpAy@venus.com', '101', '01/01/1999', '101'),
    ('UGsqUmMxyL@venus.com', '102', '01/01/1999', '102'),
    ('RrsDxmWuTH@venus.com', '103', '01/01/1999', '103'),
    ('aELETXNJtR@venus.com', '104', '01/01/1999', '104'),
    ('KlcMtYqmGR@venus.com', '105', '01/01/1999', '105'),
    ('TXiVuROdBd@venus.com', '106', '01/01/1999', '106'),
    ('hjsiLEEWXO@venus.com', '107', '01/01/1999', '107'),
    ('uABYdJzhsg@venus.com', '108', '01/01/1999', '108'),
    ('ShqyASndej@venus.com', '109', '01/01/1999', '109'),
    ('jwbyRHyyWd@venus.com', '110', '01/01/1999', '110'),
    ('kdozekcrti@venus.com', '111', '01/01/1999', '111'),
    ('qqYCCEiWqS@venus.com', '112', '01/01/1999', '112'),
    ('HixztYtiQG@venus.com', '113', '01/01/1999', '113'),
    ('yfmACpYsrc@venus.com', '114', '01/01/1999', '114'),
    ('AOuiIZjJNX@venus.com', '115', '01/01/1999', '115'),
    ('HGwnqKzwcT@venus.com', '116', '01/01/1999', '116'),
    ('rYpjmZNPsM@venus.com', '117', '01/01/1999', '117'),
    ('uhXRfONrLE@venus.com', '118', '01/01/1999', '118'),
    ('ovVTYwIjip@venus.com', '119', '01/01/1999', '119'),
    ('pLjXJSEcui@venus.com', '120', '01/01/1999', '120'),
    ('HYmPSfjNQw@venus.com', '121', '01/01/1999', '121'),
    ('EWUKBTRwuA@venus.com', '122', '01/01/1999', '122'),
    ('GGqwqDmovE@venus.com', '123', '01/01/1999', '123'),
    ('Soiguuvmgp@venus.com', '124', '01/01/1999', '124'),
    ('cxZFmkpRHR@venus.com', '125', '01/01/1999', '125'),
    ('iLLbwHJvZM@venus.com', '126', '01/01/1999', '126'),
    ('zuYbnuxMbD@venus.com', '127', '01/01/1999', '127'),
    ('zCzLxIpROs@venus.com', '128', '01/01/1999', '128'),
    ('RNbQNdvSpp@venus.com', '129', '01/01/1999', '129'),
    ('POSuGfbpXZ@venus.com', '130', '01/01/1999', '130'),
    ('ujTSGWCQNO@venus.com', '131', '01/01/1999', '131'),
    ('bHgCJCndUh@venus.com', '132', '01/01/1999', '132'),
    ('iUVFMmCNTA@venus.com', '133', '01/01/1999', '133'),
    ('OGixRIqfhu@venus.com', '134', '01/01/1999', '134'),
    ('DffWTPCDlG@venus.com', '135', '01/01/1999', '135'),
    ('GuncyrSAlU@venus.com', '136', '01/01/1999', '136'),
    ('aMNIHmcKHR@venus.com', '137', '01/01/1999', '137'),
    ('iaQbNuViLa@venus.com', '138', '01/01/1999', '138'),
    ('TJcpOIznEl@venus.com', '139', '01/01/1999', '139'),
    ('fxaNbZgJNx@venus.com', '140', '01/01/1999', '140'),
    ('ycaajqzlGQ@venus.com', '141', '01/01/1999', '141'),
    ('GMjbqpCmvL@venus.com', '142', '01/01/1999', '142'),
    ('FrxeCOuzIb@venus.com', '143', '01/01/1999', '143'),
    ('FCXeCMbzZy@venus.com', '144', '01/01/1999', '144'),
    ('IKKhKxlTvX@venus.com', '145', '01/01/1999', '145'),
    ('DsotpdQlYi@venus.com', '146', '01/01/1999', '146'),
    ('RQOIkqwZjO@venus.com', '147', '01/01/1999', '147'),
    ('BUsaNYQixZ@venus.com', '148', '01/01/1999', '148'),
    ('MpgFxRSwwS@venus.com', '149', '01/01/1999', '149'),
    ('YhdwdjIYcW@venus.com', '150', '01/01/1999', '150'),
    ('xKustFVQEK@venus.com', '151', '01/01/1999', '151'),
    ('lQJkYtDBjs@venus.com', '152', '01/01/1999', '152'),
    ('LgoimPSbiR@venus.com', '153', '01/01/1999', '153'),
    ('KIfBPDayBR@venus.com', '154', '01/01/1999', '154'),
    ('bruUZuXDJw@venus.com', '155', '01/01/1999', '155'),
    ('UJBFhvJVnj@venus.com', '156', '01/01/1999', '156'),
    ('oiGXcymHQE@venus.com', '157', '01/01/1999', '157'),
    ('bwYfmUhvmX@venus.com', '158', '01/01/1999', '158'),
    ('uLcAtTAUsN@venus.com', '159', '01/01/1999', '159'),
    ('vlYojFtdMy@venus.com', '160', '01/01/1999', '160'),
    ('PCqKPTNGVp@venus.com', '161', '01/01/1999', '161'),
    ('tXGUYjWYGM@venus.com', '162', '01/01/1999', '162'),
    ('NGMehQQvrG@venus.com', '163', '01/01/1999', '163'),
    ('ibNrbPFWwI@venus.com', '164', '01/01/1999', '164'),
    ('XJXKbepEpT@venus.com', '165', '01/01/1999', '165'),
    ('kJSFFpeygx@venus.com', '166', '01/01/1999', '166'),
    ('ayCGQLdNpX@venus.com', '167', '01/01/1999', '167'),
    ('GMBaaZuJLJ@venus.com', '168', '01/01/1999', '168'),
    ('yWmBHylLWq@venus.com', '169', '01/01/1999', '169'),
    ('OwkqeFqFug@venus.com', '170', '01/01/1999', '170'),
    ('dUkpQwhVGi@venus.com', '171', '01/01/1999', '171'),
    ('WoBMrffPrE@venus.com', '172', '01/01/1999', '172'),
    ('pSTXXrymWU@venus.com', '173', '01/01/1999', '173'),
    ('ANdSvmHdhY@venus.com', '174', '01/01/1999', '174'),
    ('CfCPfBClOK@venus.com', '175', '01/01/1999', '175'),
    ('gfXOWAaBiY@venus.com', '176', '01/01/1999', '176'),
    ('dGDWcVWBDd@venus.com', '177', '01/01/1999', '177'),
    ('ZbEzGraFNx@venus.com', '178', '01/01/1999', '178'),
    ('ZkWXpIUVyU@venus.com', '179', '01/01/1999', '179'),
    ('WKXqCxZyYP@venus.com', '180', '01/01/1999', '180'),
    ('HLDwGWzJVI@venus.com', '181', '01/01/1999', '181'),
    ('gWKbdhbxnB@venus.com', '182', '01/01/1999', '182'),
    ('TmEyTTKvZs@venus.com', '183', '01/01/1999', '183'),
    ('NamJHjtiAu@venus.com', '184', '01/01/1999', '184'),
    ('ZOgomJumne@venus.com', '185', '01/01/1999', '185'),
    ('SYelBSbVnc@venus.com', '186', '01/01/1999', '186'),
    ('ciEOcdopWx@venus.com', '187', '01/01/1999', '187'),
    ('pVNUgdvHlj@venus.com', '188', '01/01/1999', '188'),
    ('JwyoHCfrJw@venus.com', '189', '01/01/1999', '189'),
    ('LTKJLDoGiF@venus.com', '190', '01/01/1999', '190'),
    ('dQPYuGSbwW@venus.com', '191', '01/01/1999', '191'),
    ('ZrsCalaunu@venus.com', '192', '01/01/1999', '192'),
    ('CHVesJBbHD@venus.com', '193', '01/01/1999', '193'),
    ('ovGDiSqjkO@venus.com', '194', '01/01/1999', '194'),
    ('GbJHwuNlXd@venus.com', '195', '01/01/1999', '195'),
    ('pedhWdNFpa@venus.com', '196', '01/01/1999', '196'),
    ('EHmgXVKiip@venus.com', '197', '01/01/1999', '197'),
    ('czuvoeBbsc@venus.com', '198', '01/01/1999', '198'),
    ('jgVzofVxRZ@venus.com', '199', '01/01/1999', '199'),
    ('anZWrdHDCq@venus.com', '200', '01/01/1999', '200'),
    ('ryuzPXvqzy@venus.com', 'ROLE_STAFF', 'Janz', 'A little secret!'),
    ('ecuxYqEvOL@venus.com', 'ROLE_STAFF', 'Janz', 'A little secret!'),
    ('XZJPKVsiKD@venus.com', 'ROLE_STAFF', 'Janz', 'A little secret!'),
    ('HCDCjqHhsg@venus.com', 'ROLE_STAFF', 'Janz', 'A little secret!'),
    ('WoyNrweYol@venus.com', 'ROLE_STAFF', 'Janz', 'A little secret!'),
    ('PgwJryPoRe@venus.com', 'ROLE_STAFF', 'Janz', 'A little secret!'),
    ('lfVfpAtZqJ@venus.com', 'ROLE_STAFF', 'Janz', 'A little secret!'),
    ('gEkkIlYMCK@venus.com', 'ROLE_STAFF', 'Janz', 'A little secret!'),
    ('rbcPpwzZxY@venus.com', 'ROLE_STAFF', 'Janz', 'A little secret!'),
    ('rgGHdTLzOe@venus.com', 'ROLE_STAFF', 'Janz', 'A little secret!'),
    ('yjIMogGzXc@venus.com', 'ROLE_STAFF', 'Janz', 'A little secret!'),
    ('WARKtkEPmX@venus.com', 'ROLE_STAFF', 'Janz', 'A little secret!'),
    ('ZtgoxvIBOw@venus.com', 'ROLE_STAFF', 'Janz', 'A little secret!'),
    ('CfoUdhSjeI@venus.com', 'ROLE_STAFF', 'Janz', 'A little secret!'),
    ('pGrZSQutAO@venus.com', 'ROLE_STAFF', 'Janz', 'A little secret!'),
    ('GfgKJfzSXe@venus.com', 'ROLE_STAFF', 'Janz', 'A little secret!'),
    ('gRfPUwpFoQ@venus.com', 'ROLE_STAFF', 'Janz', 'A little secret!'),
    ('pimxBrzFQb@venus.com', 'ROLE_STAFF', 'Janz', 'A little secret!'),
    ('NpxGobHfhH@venus.com', 'ROLE_STAFF', 'Janz', 'A little secret!'),
    ('SrnujKRjpB@venus.com', 'ROLE_STAFF', 'Janz', 'A little secret!'),
    ('ueVPeLVQgz@venus.com', 'ROLE_STAFF', 'Janz', 'A little secret!'),
    ('vklHsxfLVn@venus.com', 'ROLE_STAFF', 'Janz', 'A little secret!'),
    ('ZgLLleAQBx@venus.com', 'ROLE_STAFF', 'Janz', 'A little secret!'),
    ('YVNaUIYetv@venus.com', 'ROLE_STAFF', 'Janz', 'A little secret!'),
    ('TyUZQGSEwq@venus.com', 'ROLE_STAFF', 'Janz', 'A little secret!'),
    ('igZPGJHlOp@venus.com', 'ROLE_STAFF', 'Janz', 'A little secret!'),
    ('hodQvPFZAl@venus.com', 'ROLE_STAFF', 'Janz', 'A little secret!'),
    ('jdcsVCPbzE@venus.com', 'ROLE_STAFF', 'Janz', 'A little secret!'),
    ('PGODKjcIjd@venus.com', 'ROLE_STAFF', 'Janz', 'A little secret!'),
    ('uXuVbwqmHe@venus.com', 'ROLE_STAFF', 'Janz', 'A little secret!'),
    ('vSjHuQlRNd@venus.com', 'ROLE_STAFF', 'Janz', 'A little secret!'),
    ('WHmpsBQyJy@venus.com', 'ROLE_STAFF', 'Janz', 'A little secret!'),
    ('jhESlNYiBO@venus.com', 'ROLE_STAFF', 'Janz', 'A little secret!'),
    ('pXpgnjhREO@venus.com', 'ROLE_STAFF', 'Janz', 'A little secret!'),
    ('SvBjMcouYU@venus.com', 'ROLE_STAFF', 'Janz', 'A little secret!'),
    ('EjdjcJBfxg@venus.com', 'ROLE_STAFF', 'Janz', 'A little secret!'),
    ('GIsLFpKSSd@venus.com', 'ROLE_STAFF', 'Janz', 'A little secret!'),
    ('SMEQmjfMPj@venus.com', 'ROLE_STAFF', 'Janz', 'A little secret!'),
    ('YWVtQzKDKk@venus.com', 'ROLE_STAFF', 'Janz', 'A little secret!'),
    ('cxKtACBRjp@venus.com', 'ROLE_STAFF', 'Janz', 'A little secret!'),
    ('orshMGaAex@venus.com', 'ROLE_STAFF', 'Janz', 'A little secret!'),
    ('EFFDDwxavI@venus.com', 'ROLE_STAFF', 'Janz', 'A little secret!'),
    ('KULziMbeze@venus.com', 'ROLE_STAFF', 'Janz', 'A little secret!'),
    ('tLCFiOUZgS@venus.com', 'ROLE_STAFF', 'Janz', 'A little secret!'),
    ('gHrDnBNJla@venus.com', 'ROLE_STAFF', 'Janz', 'A little secret!'),
    ('PPJfOGnLJG@venus.com', 'ROLE_STAFF', 'Janz', 'A little secret!'),
    ('aPexfsPsHd@venus.com', 'ROLE_STAFF', 'Janz', 'A little secret!'),
    ('VKfjqCOvgy@venus.com', 'ROLE_STAFF', 'Janz', 'A little secret!'),
    ('ZmqXeCJezy@venus.com', 'ROLE_STAFF', 'Janz', 'A little secret!'),
    ('ybQEkkfhGY@venus.com', 'ROLE_STAFF', 'Janz', 'A little secret!'),
    ('TVRAjSJPpT@venus.com', 'ROLE_STAFF', 'Janz', 'A little secret!'),
    ('ICwbvPmoSz@venus.com', 'ROLE_STAFF', 'Janz', 'A little secret!'),
    ('yYoztMGlqN@venus.com', 'ROLE_STAFF', 'Janz', 'A little secret!'),
    ('LSGwphLLNi@venus.com', 'ROLE_STAFF', 'Janz', 'A little secret!'),
    ('HUHXmnBmKs@venus.com', 'ROLE_STAFF', 'Janz', 'A little secret!'),
    ('uqIJEwEnzt@venus.com', 'ROLE_STAFF', 'Janz', 'A little secret!'),
    ('DOcYemXAvN@venus.com', 'ROLE_STAFF', 'Janz', 'A little secret!'),
    ('IlcvzsIJoc@venus.com', 'ROLE_STAFF', 'Janz', 'A little secret!'),
    ('kwZhDkulXV@venus.com', 'ROLE_STAFF', 'Janz', 'A little secret!'),
    ('lPpzpBYbbZ@venus.com', 'ROLE_STAFF', 'Janz', 'A little secret!'),
    ('GxgtEKvtik@venus.com', 'ROLE_STAFF', 'Janz', 'A little secret!'),
    ('nojWdJjsHf@venus.com', 'ROLE_STAFF', 'Janz', 'A little secret!'),
    ('KiCLZzAGaZ@venus.com', 'ROLE_STAFF', 'Janz', 'A little secret!'),
    ('JKncBzpGlT@venus.com', 'ROLE_STAFF', 'Janz', 'A little secret!'),
    ('FZXflTJrzf@venus.com', 'ROLE_STAFF', 'Janz', 'A little secret!'),
    ('GsrjpWVlbm@venus.com', 'ROLE_STAFF', 'Janz', 'A little secret!'),
    ('gfjdeIZGha@venus.com', 'ROLE_STAFF', 'Janz', 'A little secret!'),
    ('XrqwlQFXnY@venus.com', 'ROLE_STAFF', 'Janz', 'A little secret!'),
    ('MbZmJXUIzR@venus.com', 'ROLE_STAFF', 'Janz', 'A little secret!'),
    ('zwvXWgaSJK@venus.com', 'ROLE_STAFF', 'Janz', 'A little secret!'),
    ('duDLgGWxmY@venus.com', 'ROLE_STAFF', 'Janz', 'A little secret!'),
    ('GyZqSUhHbQ@venus.com', 'ROLE_STAFF', 'Janz', 'A little secret!'),
    ('xburALNvNm@venus.com', 'ROLE_STAFF', 'Janz', 'A little secret!'),
    ('YqSTtNtcgR@venus.com', 'ROLE_STAFF', 'Janz', 'A little secret!'),
    ('tzkHASLEmK@venus.com', 'ROLE_STAFF', 'Janz', 'A little secret!'),
    ('OIYlvrXmpz@venus.com', 'ROLE_STAFF', 'Janz', 'A little secret!'),
    ('uWGxDpRMTz@venus.com', 'ROLE_STAFF', 'Janz', 'A little secret!'),
    ('IQlSvPVTUd@venus.com', 'ROLE_STAFF', 'Janz', 'A little secret!'),
    ('adVDfFBRah@venus.com', 'ROLE_STAFF', 'Janz', 'A little secret!'),
    ('tshPqDASEo@venus.com', 'ROLE_STAFF', 'Janz', 'A little secret!'),
    ('kaIbPbciQy@venus.com', 'ROLE_STAFF', 'Janz', 'A little secret!'),
    ('kHphCSEhPg@venus.com', 'ROLE_STAFF', 'Janz', 'A little secret!'),
    ('ZbGjdFxipP@venus.com', 'ROLE_STAFF', 'Janz', 'A little secret!'),
    ('KgpMOhiFix@venus.com', 'ROLE_STAFF', 'Janz', 'A little secret!'),
    ('kpcBVAUNfK@venus.com', 'ROLE_STAFF', 'Janz', 'A little secret!'),
    ('iIabmhvZsd@venus.com', 'ROLE_STAFF', 'Janz', 'A little secret!'),
    ('QwTgWyIfIf@venus.com', 'ROLE_STAFF', 'Janz', 'A little secret!'),
    ('zabkchCbDY@venus.com', 'ROLE_STAFF', 'Janz', 'A little secret!'),
    ('SMeUmLpNKe@venus.com', 'ROLE_STAFF', 'Janz', 'A little secret!'),
    ('wUcASjVQUz@venus.com', 'ROLE_STAFF', 'Janz', 'A little secret!'),
    ('RVJHzVTkwr@venus.com', 'ROLE_STAFF', 'Janz', 'A little secret!'),
    ('pNBoPKGeKL@venus.com', 'ROLE_STAFF', 'Janz', 'A little secret!'),
    ('GMLSJMoEZm@venus.com', 'ROLE_STAFF', 'Janz', 'A little secret!'),
    ('DVofbTRopW@venus.com', 'ROLE_STAFF', 'Janz', 'A little secret!'),
    ('NLWUeeZECS@venus.com', 'ROLE_STAFF', 'Janz', 'A little secret!'),
    ('oLDfLIuxIL@venus.com', 'ROLE_STAFF', 'Janz', 'A little secret!'),
    ('xVZjkCLRAK@venus.com', 'ROLE_STAFF', 'Janz', 'A little secret!'),
    ('ZEQjIuXtwW@venus.com', 'ROLE_STAFF', 'Janz', 'A little secret!'),
    ('jEeqBUynTK@venus.com', 'ROLE_STAFF', 'Janz', 'A little secret!'),
    ('XbVDslYafi@venus.com', 'ROLE_STAFF', 'Janz', 'A little secret!'),
    ('ReRvEUYfzk@venus.com', 'ROLE_STAFF', 'Janz', 'A little secret!'),
    ('KLxMGeVxbA@venus.com', 'ROLE_STAFF', 'Janz', 'A little secret!'),
    ('FKVqrsVNGu@venus.com', 'ROLE_STAFF', 'Janz', 'A little secret!'),
    ('WHguXzJaiS@venus.com', 'ROLE_STAFF', 'Janz', 'A little secret!'),
    ('CwMbARNYfG@venus.com', 'ROLE_STAFF', 'Janz', 'A little secret!'),
    ('jMAUFbwfpV@venus.com', 'ROLE_STAFF', 'Janz', 'A little secret!'),
    ('oXjJKmstsw@venus.com', 'ROLE_STAFF', 'Janz', 'A little secret!'),
    ('jpKgpdgzEt@venus.com', 'ROLE_STAFF', 'Janz', 'A little secret!'),
    ('RUablAhnBN@venus.com', 'ROLE_STAFF', 'Janz', 'A little secret!'),
    ('wvywVkLznQ@venus.com', 'ROLE_STAFF', 'Janz', 'A little secret!'),
    ('MohoSQmUhW@venus.com', 'ROLE_STAFF', 'Janz', 'A little secret!'),
    ('kZHpKplMwl@venus.com', 'ROLE_STAFF', 'Janz', 'A little secret!'),
    ('aYJhILXBSu@venus.com', 'ROLE_STAFF', 'Janz', 'A little secret!'),
    ('dOdDeROEcF@venus.com', 'ROLE_STAFF', 'Janz', 'A little secret!'),
    ('FCTNJVHuQs@venus.com', 'ROLE_STAFF', 'Janz', 'A little secret!'),
    ('aFbazKXCiZ@venus.com', 'ROLE_STAFF', 'Janz', 'A little secret!'),
    ('DeSfeIAyYe@venus.com', 'ROLE_STAFF', 'Janz', 'A little secret!'),
    ('NTLAFnrBaS@venus.com', 'ROLE_STAFF', 'Janz', 'A little secret!'),
    ('OWbqfxrmaO@venus.com', 'ROLE_STAFF', 'Janz', 'A little secret!'),
    ('qKraxrRwjS@venus.com', 'ROLE_STAFF', 'Janz', 'A little secret!'),
    ('fUkzDqWTjn@venus.com', 'ROLE_STAFF', 'Janz', 'A little secret!'),
    ('AmCNBaRYHe@venus.com', 'ROLE_STAFF', 'Janz', 'A little secret!'),
    ('RBWwdEZnFQ@venus.com', 'ROLE_STAFF', 'Janz', 'A little secret!'),
    ('fxOCbhFOon@venus.com', 'ROLE_STAFF', 'Janz', 'A little secret!'),
    ('KbHMwqZgdS@venus.com', 'ROLE_STAFF', 'Janz', 'A little secret!'),
    ('DlXBGMmzCm@venus.com', 'ROLE_STAFF', 'Janz', 'A little secret!'),
    ('gmQrjWvwZB@venus.com', 'ROLE_STAFF', 'Janz', 'A little secret!'),
    ('xHslgPAHMw@venus.com', 'ROLE_STAFF', 'Janz', 'A little secret!'),
    ('RRJmQQWaDU@venus.com', 'ROLE_STAFF', 'Janz', 'A little secret!'),
    ('DqSBpEVxGl@venus.com', 'ROLE_STAFF', 'Janz', 'A little secret!'),
    ('rZmxvvilPH@venus.com', 'ROLE_STAFF', 'Janz', 'A little secret!'),
    ('MilehudCwg@venus.com', 'ROLE_STAFF', 'Janz', 'A little secret!'),
    ('zFsByweRHM@venus.com', 'ROLE_STAFF', 'Janz', 'A little secret!'),
    ('GgUlFKETwC@venus.com', 'ROLE_STAFF', 'Janz', 'A little secret!'),
    ('jnqGwmeikj@venus.com', 'ROLE_STAFF', 'Janz', 'A little secret!'),
    ('CcOLDHbwfN@venus.com', 'ROLE_STAFF', 'Janz', 'A little secret!'),
    ('MDcUAYeiaz@venus.com', 'ROLE_STAFF', 'Janz', 'A little secret!'),
    ('JklTPEvMUv@venus.com', 'ROLE_STAFF', 'Janz', 'A little secret!'),
    ('CjYToSkLej@venus.com', 'ROLE_STAFF', 'Janz', 'A little secret!'),
    ('whQRDLaIfA@venus.com', 'ROLE_STAFF', 'Janz', 'A little secret!'),
    ('VfiGvHEOMB@venus.com', 'ROLE_STAFF', 'Janz', 'A little secret!'),
    ('WusCUyezEA@venus.com', 'ROLE_STAFF', 'Janz', 'A little secret!'),
    ('GFJXvFJbXf@venus.com', 'ROLE_STAFF', 'Janz', 'A little secret!'),
    ('gqsnCsinbR@venus.com', 'ROLE_STAFF', 'Janz', 'A little secret!'),
    ('PRzKSUkQkY@venus.com', 'ROLE_STAFF', 'Janz', 'A little secret!'),
    ('ewcptIYLSo@venus.com', 'ROLE_STAFF', 'Janz', 'A little secret!'),
    ('TdmAKQFQtw@venus.com', 'ROLE_STAFF', 'Janz', 'A little secret!'),
    ('YxEnbPkDoc@venus.com', 'ROLE_STAFF', 'Janz', 'A little secret!'),
    ('JIQRukGRkJ@venus.com', 'ROLE_STAFF', 'Janz', 'A little secret!'),
    ('OTbkvmEyok@venus.com', 'ROLE_STAFF', 'Janz', 'A little secret!'),
    ('vzNLcrpKnO@venus.com', 'ROLE_STAFF', 'Janz', 'A little secret!'),
    ('YkaoqISLHo@venus.com', 'ROLE_STAFF', 'Janz', 'A little secret!'),
    ('iMcFauyUlA@venus.com', 'ROLE_STAFF', 'Janz', 'A little secret!'),
    ('XhNWCobPeA@venus.com', 'ROLE_STAFF', 'Janz', 'A little secret!'),
    ('LCmvkGYfdx@venus.com', 'ROLE_STAFF', 'Janz', 'A little secret!'),
    ('kmFhzbymak@venus.com', 'ROLE_STAFF', 'Janz', 'A little secret!'),
    ('WsguYLdPjC@venus.com', 'ROLE_STAFF', 'Janz', 'A little secret!'),
    ('TdFqKyWyRt@venus.com', 'ROLE_STAFF', 'Janz', 'A little secret!'),
    ('MSEMhrubYF@venus.com', 'ROLE_STAFF', 'Janz', 'A little secret!'),
    ('KyyMbfuJAk@venus.com', 'ROLE_STAFF', 'Janz', 'A little secret!'),
    ('iCSennsqFJ@venus.com', 'ROLE_STAFF', 'Janz', 'A little secret!'),
    ('yGrBAMBzRf@venus.com', 'ROLE_STAFF', 'Janz', 'A little secret!'),
    ('fWvKxRSAmw@venus.com', 'ROLE_STAFF', 'Janz', 'A little secret!'),
    ('WEmWucQYRT@venus.com', 'ROLE_STAFF', 'Janz', 'A little secret!'),
    ('OJHVJFpetK@venus.com', 'ROLE_STAFF', 'Janz', 'A little secret!'),
    ('VYenpTFtOT@venus.com', 'ROLE_STAFF', 'Janz', 'A little secret!'),
    ('ggmIqOmnut@venus.com', 'ROLE_STAFF', 'Janz', 'A little secret!'),
    ('mravzJLGBE@venus.com', 'ROLE_STAFF', 'Janz', 'A little secret!'),
    ('jsEBnfEdDc@venus.com', 'ROLE_STAFF', 'Janz', 'A little secret!'),
    ('OXpGDDjlVf@venus.com', 'ROLE_STAFF', 'Janz', 'A little secret!'),
    ('JsBaXLUYQL@venus.com', 'ROLE_STAFF', 'Janz', 'A little secret!'),
    ('ljPeTGbhLB@venus.com', 'ROLE_STAFF', 'Janz', 'A little secret!'),
    ('kEgvwlLRVp@venus.com', 'ROLE_STAFF', 'Janz', 'A little secret!'),
    ('VkWAbpYyng@venus.com', 'ROLE_STAFF', 'Janz', 'A little secret!'),
    ('pVjRsGJEnA@venus.com', 'ROLE_STAFF', 'Janz', 'A little secret!'),
    ('BPHpuUKzbd@venus.com', 'ROLE_STAFF', 'Janz', 'A little secret!'),
    ('qaRZgjPrEe@venus.com', 'ROLE_STAFF', 'Janz', 'A little secret!'),
    ('qtIhjwnUsl@venus.com', 'ROLE_STAFF', 'Janz', 'A little secret!'),
    ('ggxlgUwsnn@venus.com', 'ROLE_STAFF', 'Janz', 'A little secret!'),
    ('leuVBCMroA@venus.com', 'ROLE_STAFF', 'Janz', 'A little secret!'),
    ('BLfhbMVCYl@venus.com', 'ROLE_STAFF', 'Janz', 'A little secret!'),
    ('rTCnCxRMTd@venus.com', 'ROLE_STAFF', 'Janz', 'A little secret!'),
    ('GemDnDvjfG@venus.com', 'ROLE_STAFF', 'Janz', 'A little secret!'),
    ('zCdvDzyOnu@venus.com', 'ROLE_STAFF', 'Janz', 'A little secret!'),
    ('QXtycyjtaM@venus.com', 'ROLE_STAFF', 'Janz', 'A little secret!'),
    ('LgigaIqbgg@venus.com', 'ROLE_STAFF', 'Janz', 'A little secret!'),
    ('JrSpVwKvWT@venus.com', 'ROLE_STAFF', 'Janz', 'A little secret!'),
    ('bONLhoWtFx@venus.com', 'ROLE_STAFF', 'Janz', 'A little secret!'),
    ('ZvoaMRdPlK@venus.com', 'ROLE_STAFF', 'Janz', 'A little secret!'),
    ('DSSlpCSeOD@venus.com', 'ROLE_STAFF', 'Janz', 'A little secret!'),
    ('TWYPNwClwm@venus.com', 'ROLE_STAFF', 'Janz', 'A little secret!'),
    ('OpEpaealCB@venus.com', 'ROLE_STAFF', 'Janz', 'A little secret!'),
    ('vWyMtmobJc@venus.com', 'ROLE_STAFF', 'Janz', 'A little secret!'),
    ('GWBNgGbEMt@venus.com', 'ROLE_STAFF', 'Janz', 'A little secret!'),
    ('crkHlTBzDr@venus.com', 'ROLE_STAFF', 'Janz', 'A little secret!'),
    ('TMZoOSlkjd@venus.com', 'ROLE_STAFF', 'Janz', 'A little secret!'),
    ('SZOFJKcLNg@venus.com', 'ROLE_STAFF', 'Janz', 'A little secret!'),
    ('wQlmMvvUlM@venus.com', 'ROLE_STAFF', 'Janz', 'A little secret!'),
    ('YRdiPvuJYi@venus.com', 'ROLE_STAFF', 'Janz', 'A little secret!'),
    ('DcJJoigfuM@venus.com', 'ROLE_STAFF', 'Janz', 'A little secret!'),
    ('LyuGYcnIoE@venus.com', 'ROLE_STAFF', 'Janz', 'A little secret!'),
    ('oAtFnpZjnd@venus.com', 'ROLE_STAFF', 'Janz', 'A little secret!'),
    ('dbAixHXYhX@venus.com', 'ROLE_STAFF', 'Janz', 'A little secret!'),
    ('xgFOcCzKoB@venus.com', 'ROLE_STAFF', 'Janz', 'A little secret!'),
    ('DUUaHlmlkt@venus.com', 'ROLE_STAFF', 'Janz', 'A little secret!'),
    ('hhkwMqkwLq@venus.com', 'ROLE_STAFF', 'Janz', 'A little secret!'),
    ('mMzpjIZboq@venus.com', 'ROLE_STAFF', 'Janz', 'A little secret!'),
    ('ePlmIeSflq@venus.com', 'ROLE_STAFF', 'Janz', 'A little secret!'),
    ('FwZYQnLhYL@venus.com', 'ROLE_STAFF', 'Janz', 'A little secret!'),
    ('FWefBLlSCh@venus.com', 'ROLE_STAFF', 'Janz', 'A little secret!'),
    ('qpAhGjYZOz@venus.com', 'ROLE_STAFF', 'Janz', 'A little secret!'),
    ('btiTdvfmUK@venus.com', 'ROLE_STAFF', 'Janz', 'A little secret!'),
    ('FBlbLmZGBv@venus.com', 'ROLE_STAFF', 'Janz', 'A little secret!'),
    ('VYsfpFiZtQ@venus.com', 'ROLE_STAFF', 'Janz', 'A little secret!'),
    ('xCEaBScths@venus.com', 'ROLE_STAFF', 'Janz', 'A little secret!'),
    ('tQrUrknxua@venus.com', 'ROLE_STAFF', 'Janz', 'A little secret!'),
    ('GQzxITndcJ@venus.com', 'ROLE_STAFF', 'Janz', 'A little secret!'),
    ('ZNGyElikdS@venus.com', 'ROLE_STAFF', 'Janz', 'A little secret!'),
    ('PjpaCxJfuw@venus.com', 'ROLE_STAFF', 'Janz', 'A little secret!'),
    ('tPvfKbFnKH@venus.com', 'ROLE_STAFF', 'Janz', 'A little secret!'),
    ('uQEwLbYSbD@venus.com', 'ROLE_STAFF', 'Janz', 'A little secret!'),
    ('GdyiUpYpwI@venus.com', 'ROLE_STAFF', 'Janz', 'A little secret!'),
    ('SvIhBIxYEh@venus.com', 'ROLE_STAFF', 'Janz', 'A little secret!'),
    ('SKOccoURvd@venus.com', 'ROLE_STAFF', 'Janz', 'A little secret!'),
    ('dqAFLeBunM@venus.com', 'ROLE_STAFF', 'Janz', 'A little secret!'),
    ('FgUXSacGuM@venus.com', 'ROLE_STAFF', 'Janz', 'A little secret!'),
    ('osBVAjRonz@venus.com', 'ROLE_STAFF', 'Janz', 'A little secret!'),
    ('TmguXbEdBe@venus.com', 'ROLE_STAFF', 'Janz', 'A little secret!'),
    ('fsnBBtImeg@venus.com', 'ROLE_STAFF', 'Janz', 'A little secret!'),
    ('KDFDwhyEkJ@venus.com', 'ROLE_STAFF', 'Janz', 'A little secret!'),
    ('hBPWqWFiVk@venus.com', 'ROLE_STAFF', 'Janz', 'A little secret!'),
    ('AqPxODceGY@venus.com', 'ROLE_STAFF', 'Janz', 'A little secret!'),
    ('UJQBTvMvEa@venus.com', 'ROLE_STAFF', 'Janz', 'A little secret!'),
    ('ugPWPxJSiC@venus.com', 'ROLE_STAFF', 'Janz', 'A little secret!'),
    ('ODrzYBPPOW@venus.com', 'ROLE_STAFF', 'Janz', 'A little secret!'),
    ('WvkAFdWGUu@venus.com', 'ROLE_STAFF', 'Janz', 'A little secret!'),
    ('vrwXMKHzOw@venus.com', 'ROLE_STAFF', 'Janz', 'A little secret!'),
    ('bKWbcheIXB@venus.com', 'ROLE_STAFF', 'Janz', 'A little secret!'),
    ('lboXpIQOCr@venus.com', 'ROLE_STAFF', 'Janz', 'A little secret!'),
    ('cIjZkGGCqs@venus.com', 'ROLE_STAFF', 'Janz', 'A little secret!'),
    ('KZVBaunVRj@venus.com', 'ROLE_STAFF', 'Janz', 'A little secret!'),
    ('JLHyvpoZdS@venus.com', 'ROLE_STAFF', 'Janz', 'A little secret!'),
    ('QPeZNRjfPW@venus.com', 'ROLE_STAFF', 'Janz', 'A little secret!'),
    ('BmPNhXtpcq@venus.com', 'ROLE_STAFF', 'Janz', 'A little secret!'),
    ('nXDZpvQrpo@venus.com', 'ROLE_STAFF', 'Janz', 'A little secret!'),
    ('EeFmAaAESO@venus.com', 'ROLE_STAFF', 'Janz', 'A little secret!'),
    ('kJMysLjUYJ@venus.com', 'ROLE_STAFF', 'Janz', 'A little secret!'),
    ('ZDPoAhmEqn@venus.com', 'ROLE_STAFF', 'Janz', 'A little secret!'),
    ('fvbReqjXiS@venus.com', 'ROLE_STAFF', 'Janz', 'A little secret!'),
    ('mpDXcZCFeG@venus.com', 'ROLE_STAFF', 'Janz', 'A little secret!'),
    ('ASjwIqoMeK@venus.com', 'ROLE_STAFF', 'Janz', 'A little secret!'),
    ('PNAhhHiwOe@venus.com', 'ROLE_STAFF', 'Janz', 'A little secret!'),
    ('djKoVKLyxA@venus.com', 'ROLE_STAFF', 'Janz', 'A little secret!'),
    ('CrEsoIZpph@venus.com', 'ROLE_STAFF', 'Janz', 'A little secret!'),
    ('CgVnPcmpUu@venus.com', 'ROLE_STAFF', 'Janz', 'A little secret!'),
    ('UtCERcGuEy@venus.com', 'ROLE_STAFF', 'Janz', 'A little secret!'),
    ('PqrOaaFgpy@venus.com', 'ROLE_STAFF', 'Janz', 'A little secret!'),
    ('yKfMMwiKIL@venus.com', 'ROLE_STAFF', 'Janz', 'A little secret!'),
    ('UEiXHmOuDU@venus.com', 'ROLE_STAFF', 'Janz', 'A little secret!'),
    ('IWYVeqvyat@venus.com', 'ROLE_STAFF', 'Janz', 'A little secret!'),
    ('qjuYWcrxfq@venus.com', 'ROLE_STAFF', 'Janz', 'A little secret!'),
    ('uiIkolZCcK@venus.com', 'ROLE_STAFF', 'Janz', 'A little secret!'),
    ('wEgCLwVDly@venus.com', 'ROLE_STAFF', 'Janz', 'A little secret!'),
    ('zWDiGMzlya@venus.com', 'ROLE_STAFF', 'Janz', 'A little secret!'),
    ('fasfalMwRJ@venus.com', 'ROLE_STAFF', 'Janz', 'A little secret!'),
    ('LMDVzdIhWi@venus.com', 'ROLE_STAFF', 'Janz', 'A little secret!'),
    ('CHptfKnKYv@venus.com', 'ROLE_STAFF', 'Janz', 'A little secret!'),
    ('LaHJUMsRvw@venus.com', 'ROLE_STAFF', 'Janz', 'A little secret!'),
    ('ljwUHSNqRt@venus.com', 'ROLE_STAFF', 'Janz', 'A little secret!'),
    ('FcPNzuMxjM@venus.com', 'ROLE_STAFF', 'Janz', 'A little secret!'),
    ('xfRCZDEbpJ@venus.com', 'ROLE_STAFF', 'Janz', 'A little secret!'),
    ('mGFqIlRDZd@venus.com', 'ROLE_STAFF', 'Janz', 'A little secret!'),
    ('KssiFwvFae@venus.com', 'ROLE_STAFF', 'Janz', 'A little secret!'),
    ('SBuLeOTOBx@venus.com', 'ROLE_STAFF', 'Janz', 'A little secret!'),
    ('KtyciGFAOR@venus.com', 'ROLE_STAFF', 'Janz', 'A little secret!'),
    ('dLwCWQrpEc@venus.com', 'ROLE_STAFF', 'Janz', 'A little secret!'),
    ('INuhfJCbNi@venus.com', 'ROLE_STAFF', 'Janz', 'A little secret!'),
    ('CLTCpgfoxU@venus.com', 'ROLE_STAFF', 'Janz', 'A little secret!'),
    ('UugUIjmpsf@venus.com', 'ROLE_STAFF', 'Janz', 'A little secret!'),
    ('XpUHkPLSMX@venus.com', 'ROLE_STAFF', 'Janz', 'A little secret!'),
    ('GxkEqdKRMz@venus.com', 'ROLE_STAFF', 'Janz', 'A little secret!'),
    ('HAJIBNeHey@venus.com', 'ROLE_STAFF', 'Janz', 'A little secret!'),
    ('iycpyqWCCH@venus.com', 'ROLE_STAFF', 'Janz', 'A little secret!'),
    ('QCWleWqJfa@venus.com', 'ROLE_STAFF', 'Janz', 'A little secret!'),
    ('nmydBFjDUp@venus.com', 'ROLE_STAFF', 'Janz', 'A little secret!'),
    ('yrCWBbzHiU@venus.com', 'ROLE_STAFF', 'Janz', 'A little secret!'),
    ('TRUbvnFZqT@venus.com', 'ROLE_STAFF', 'Janz', 'A little secret!'),
    ('IgoKvqDLEa@venus.com', 'ROLE_STAFF', 'Janz', 'A little secret!'),
    ('LdeqoKtUCW@venus.com', 'ROLE_STAFF', 'Janz', 'A little secret!'),
    ('jWEnzxcCjI@venus.com', 'ROLE_STAFF', 'Janz', 'A little secret!'),
    ('aXBIFvIEyJ@venus.com', 'ROLE_STAFF', 'Janz', 'A little secret!'),
    ('aVhAvQCvEv@venus.com', 'ROLE_STAFF', 'Janz', 'A little secret!'),
    ('NWQWPFZjFv@venus.com', 'ROLE_STAFF', 'Janz', 'A little secret!'),
    ('nGBwMMMOrT@venus.com', 'ROLE_STAFF', 'Janz', 'A little secret!'),
    ('PGeElwcoiw@venus.com', 'ROLE_STAFF', 'Janz', 'A little secret!'),
    ('VJzRMwbSyF@venus.com', 'ROLE_STAFF', 'Janz', 'A little secret!'),
    ('cJZRkfMSXk@venus.com', 'ROLE_STAFF', 'Janz', 'A little secret!'),
    ('rGPAPSjxWa@venus.com', 'ROLE_STAFF', 'Janz', 'A little secret!'),
    ('NAHXvpwtNG@venus.com', 'ROLE_STAFF', 'Janz', 'A little secret!'),
    ('VoGehJHdrd@venus.com', 'ROLE_STAFF', 'Janz', 'A little secret!');